timestamp,label,function_name,run_type,run_number,is_cold,init_ms,duration_ms,cold_total_ms,billed_ms,memory_mb,max_memory_mb,client_ms,response_status_code
1789744255,slide03-python-baseline,lazytown-slide03-python-baseline,cold,1,True,62.26,1.79,64.05,65.0,512.0,35.0,1005.156,200
1789744263,slide03-python-baseline,lazytown-slide03-python-baseline,cold,2,True,81.26,2.13,83.39,84.0,512.0,35.0,1074.699,200
1789744271,slide03-python-baseline,lazytown-slide03-python-baseline,cold,3,True,69.22,2.45,71.67,72.0,512.0,35.0,1095.176,200
1789744280,slide03-python-baseline,lazytown-slide03-python-baseline,cold,4,True,60.99,1.92,62.910000000000004,63.0,512.0,35.0,1056.506,200
1789744288,slide03-python-baseline,lazytown-slide03-python-baseline,cold,5,True,89.88,1.64,91.52,92.0,512.0,35.0,1050.278,200
1789744296,slide03-python-baseline,lazytown-slide03-python-baseline,cold,6,True,62.85,1.73,64.58,65.0,512.0,35.0,1015.693,200
1789744304,slide03-python-baseline,lazytown-slide03-python-baseline,cold,7,True,46.88,1.54,48.42,49.0,512.0,35.0,1055.289,200
1789744313,slide03-python-baseline,lazytown-slide03-python-baseline,cold,8,True,62.38,2.07,64.45,65.0,512.0,35.0,1172.738,200
1789744321,slide03-python-baseline,lazytown-slide03-python-baseline,cold,9,True,63.92,2.01,65.93,66.0,512.0,35.0,961.293,200
1789744329,slide03-python-baseline,lazytown-slide03-python-baseline,cold,10,True,65.09,2.0,67.09,68.0,512.0,35.0,960.259,200
1789744337,slide03-python-baseline,lazytown-slide03-python-baseline,cold,11,True,63.72,1.85,65.57,66.0,512.0,35.0,966.883,200
1789744345,slide03-python-baseline,lazytown-slide03-python-baseline,cold,12,True,51.04,1.7,52.74,53.0,512.0,35.0,946.711,200
1789744352,slide03-python-baseline,lazytown-slide03-python-baseline,cold,13,True,65.24,2.12,67.36,68.0,512.0,35.0,959.248,200
1789744361,slide03-python-baseline,lazytown-slide03-python-baseline,cold,14,True,81.16,2.37,83.53,84.0,512.0,35.0,1149.375,200
1789744369,slide03-python-baseline,lazytown-slide03-python-baseline,cold,15,True,80.4,1.93,82.33000000000001,83.0,512.0,35.0,1001.453,200
1789744377,slide03-python-baseline,lazytown-slide03-python-baseline,cold,16,True,64.3,1.88,66.17999999999999,67.0,512.0,35.0,1154.888,200
1789744385,slide03-python-baseline,lazytown-slide03-python-baseline,cold,17,True,63.06,1.82,64.88,65.0,512.0,35.0,1075.228,200
1789744393,slide03-python-baseline,lazytown-slide03-python-baseline,cold,18,True,64.14,1.79,65.93,66.0,512.0,35.0,973.17,200
1789744401,slide03-python-baseline,lazytown-slide03-python-baseline,cold,19,True,48.23,1.5,49.73,50.0,512.0,35.0,937.691,200
1789744409,slide03-python-baseline,lazytown-slide03-python-baseline,cold,20,True,67.54,2.07,69.61,70.0,512.0,35.0,997.191,200
1789744417,slide03-python-baseline,lazytown-slide03-python-baseline,cold,21,True,46.46,1.67,48.13,49.0,512.0,35.0,945.921,200
1789744425,slide03-python-baseline,lazytown-slide03-python-baseline,cold,22,True,47.42,1.46,48.88,49.0,512.0,35.0,923.253,200
1789744433,slide03-python-baseline,lazytown-slide03-python-baseline,cold,23,True,63.8,2.01,65.81,66.0,512.0,35.0,983.799,200
1789744441,slide03-python-baseline,lazytown-slide03-python-baseline,cold,24,True,64.06,2.12,66.18,67.0,512.0,35.0,1240.313,200
1789744449,slide03-python-baseline,lazytown-slide03-python-baseline,cold,25,True,61.7,1.86,63.56,64.0,512.0,35.0,955.917,200
1789744457,slide03-python-baseline,lazytown-slide03-python-baseline,cold,26,True,62.75,1.89,64.64,65.0,512.0,35.0,1010.253,200
1789744465,slide03-python-baseline,lazytown-slide03-python-baseline,cold,27,True,50.5,1.54,52.04,53.0,512.0,35.0,943.259,200
1789744472,slide03-python-baseline,lazytown-slide03-python-baseline,cold,28,True,48.62,1.52,50.14,51.0,512.0,35.0,979.657,200
1789744480,slide03-python-baseline,lazytown-slide03-python-baseline,cold,29,True,62.5,1.72,64.22,65.0,512.0,37.0,948.047,200
1789744488,slide03-python-baseline,lazytown-slide03-python-baseline,cold,30,True,46.89,1.68,48.57,49.0,512.0,35.0,947.884,200
1789744490,slide03-python-baseline,lazytown-slide03-python-baseline,warm,1,False,,1.2,,2.0,512.0,35.0,804.078,200
1789744491,slide03-python-baseline,lazytown-slide03-python-baseline,warm,2,False,,1.1,,2.0,512.0,35.0,807.602,200
1789744492,slide03-python-baseline,lazytown-slide03-python-baseline,warm,3,False,,1.14,,2.0,512.0,35.0,793.908,200
1789744492,slide03-python-baseline,lazytown-slide03-python-baseline,warm,4,False,,1.14,,2.0,512.0,35.0,799.825,200
1789744493,slide03-python-baseline,lazytown-slide03-python-baseline,warm,5,False,,1.14,,2.0,512.0,35.0,793.391,200
1789744494,slide03-python-baseline,lazytown-slide03-python-baseline,warm,6,False,,1.12,,2.0,512.0,35.0,798.896,200
1789744495,slide03-python-baseline,lazytown-slide03-python-baseline,warm,7,False,,1.16,,2.0,512.0,35.0,826.384,200
1789744496,slide03-python-baseline,lazytown-slide03-python-baseline,warm,8,False,,1.22,,2.0,512.0,35.0,784.92,200
1789744496,slide03-python-baseline,lazytown-slide03-python-baseline,warm,9,False,,1.13,,2.0,512.0,35.0,808.738,200
1789744497,slide03-python-baseline,lazytown-slide03-python-baseline,warm,10,False,,1.14,,2.0,512.0,35.0,782.016,200
1789744498,slide03-python-baseline,lazytown-slide03-python-baseline,warm,11,False,,1.07,,2.0,512.0,35.0,796.028,200
1789744499,slide03-python-baseline,lazytown-slide03-python-baseline,warm,12,False,,1.12,,2.0,512.0,35.0,810.231,200
1789744500,slide03-python-baseline,lazytown-slide03-python-baseline,warm,13,False,,1.13,,2.0,512.0,35.0,804.157,200
1789744500,slide03-python-baseline,lazytown-slide03-python-baseline,warm,14,False,,1.12,,2.0,512.0,35.0,807.889,200
1789744502,slide03-python-baseline,lazytown-slide03-python-baseline,warm,15,False,,1.12,,2.0,512.0,35.0,1134.496,200
1789744502,slide03-python-baseline,lazytown-slide03-python-baseline,warm,16,False,,1.17,,2.0,512.0,35.0,793.64,200
1789744503,slide03-python-baseline,lazytown-slide03-python-baseline,warm,17,False,,1.15,,2.0,512.0,35.0,779.154,200
1789744504,slide03-python-baseline,lazytown-slide03-python-baseline,warm,18,False,,1.21,,2.0,512.0,35.0,794.293,200
1789744505,slide03-python-baseline,lazytown-slide03-python-baseline,warm,19,False,,1.12,,2.0,512.0,35.0,777.463,200
1789744506,slide03-python-baseline,lazytown-slide03-python-baseline,warm,20,False,,1.18,,2.0,512.0,35.0,796.986,200
1789744506,slide03-python-baseline,lazytown-slide03-python-baseline,warm,21,False,,1.09,,2.0,512.0,35.0,812.013,200
1789744507,slide03-python-baseline,lazytown-slide03-python-baseline,warm,22,False,,1.03,,2.0,512.0,35.0,787.796,200
1789744508,slide03-python-baseline,lazytown-slide03-python-baseline,warm,23,False,,1.12,,2.0,512.0,35.0,781.582,200
1789744509,slide03-python-baseline,lazytown-slide03-python-baseline,warm,24,False,,1.11,,2.0,512.0,35.0,804.447,200
1789744510,slide03-python-baseline,lazytown-slide03-python-baseline,warm,25,False,,1.12,,2.0,512.0,35.0,781.363,200
1789744510,slide03-python-baseline,lazytown-slide03-python-baseline,warm,26,False,,1.09,,2.0,512.0,35.0,789.608,200
1789744511,slide03-python-baseline,lazytown-slide03-python-baseline,warm,27,False,,1.14,,2.0,512.0,35.0,797.651,200
1789744512,slide03-python-baseline,lazytown-slide03-python-baseline,warm,28,False,,1.13,,2.0,512.0,35.0,796.276,200
1789744513,slide03-python-baseline,lazytown-slide03-python-baseline,warm,29,False,,1.13,,2.0,512.0,35.0,822.397,200
1789744514,slide03-python-baseline,lazytown-slide03-python-baseline,warm,30,False,,1.22,,2.0,512.0,35.0,807.136,200
1789749335,slide05-python,lazytown-slide05-python,cold,1,True,64.62,2.12,66.74000000000001,67.0,512.0,35.0,1035.549,200
1789749343,slide05-python,lazytown-slide05-python,cold,2,True,64.13,3.27,67.39999999999999,68.0,512.0,37.0,1041.772,200
1789749351,slide05-python,lazytown-slide05-python,cold,3,True,63.08,1.88,64.96,65.0,512.0,35.0,1008.228,200
1789749360,slide05-python,lazytown-slide05-python,cold,4,True,63.66,1.92,65.58,66.0,512.0,35.0,1241.895,200
1789749368,slide05-python,lazytown-slide05-python,cold,5,True,63.68,1.9,65.58,66.0,512.0,35.0,1000.399,200
1789749376,slide05-python,lazytown-slide05-python,cold,6,True,63.35,1.84,65.19,66.0,512.0,35.0,1010.884,200
1789749384,slide05-python,lazytown-slide05-python,cold,7,True,50.82,1.54,52.36,53.0,512.0,35.0,1010.228,200
1789749392,slide05-python,lazytown-slide05-python,cold,8,True,63.6,2.29,65.89,66.0,512.0,35.0,1003.329,200
1789749400,slide05-python,lazytown-slide05-python,cold,9,True,63.44,2.0,65.44,66.0,512.0,35.0,994.633,200
1789749408,slide05-python,lazytown-slide05-python,cold,10,True,64.58,1.82,66.39999999999999,67.0,512.0,35.0,1076.378,200
1789749416,slide05-python,lazytown-slide05-python,cold,11,True,65.13,1.93,67.06,68.0,512.0,35.0,1005.17,200
1789749424,slide05-python,lazytown-slide05-python,cold,12,True,45.78,1.46,47.24,48.0,512.0,35.0,1225.512,200
1789749432,slide05-python,lazytown-slide05-python,cold,13,True,78.85,2.17,81.02,82.0,512.0,35.0,1043.546,200
1789749440,slide05-python,lazytown-slide05-python,cold,14,True,78.85,2.67,81.52,82.0,512.0,35.0,1027.88,200
1789749448,slide05-python,lazytown-slide05-python,cold,15,True,60.16,1.65,61.809999999999995,62.0,512.0,35.0,1003.471,200
1789749457,slide05-python,lazytown-slide05-python,cold,16,True,64.23,2.03,66.26,67.0,512.0,35.0,1224.579,200
1789749465,slide05-python,lazytown-slide05-python,cold,17,True,61.79,2.94,64.73,65.0,512.0,35.0,1008.749,200
1789749473,slide05-python,lazytown-slide05-python,cold,18,True,64.81,1.81,66.62,67.0,512.0,35.0,1060.831,200
1789749481,slide05-python,lazytown-slide05-python,cold,19,True,63.92,2.01,65.93,66.0,512.0,35.0,999.61,200
1789749489,slide05-python,lazytown-slide05-python,cold,20,True,63.9,1.76,65.66,66.0,512.0,35.0,1191.334,200
1789749497,slide05-python,lazytown-slide05-python,cold,21,True,62.92,1.69,64.61,65.0,512.0,35.0,1047.602,200
1789749505,slide05-python,lazytown-slide05-python,cold,22,True,61.95,2.0,63.95,64.0,512.0,35.0,1003.762,200
1789749513,slide05-python,lazytown-slide05-python,cold,23,True,65.19,1.98,67.17,68.0,512.0,35.0,960.72,200
1789749521,slide05-python,lazytown-slide05-python,cold,24,True,62.05,1.93,63.98,64.0,512.0,35.0,986.612,200
1789749529,slide05-python,lazytown-slide05-python,cold,25,True,60.23,1.56,61.79,62.0,512.0,35.0,1023.3,200
1789749537,slide05-python,lazytown-slide05-python,cold,26,True,66.36,2.02,68.38,69.0,512.0,35.0,994.02,200
1789749545,slide05-python,lazytown-slide05-python,cold,27,True,65.41,2.4,67.81,68.0,512.0,35.0,1001.171,200
1789749554,slide05-python,lazytown-slide05-python,cold,28,True,62.48,1.89,64.36999999999999,65.0,512.0,35.0,1185.19,200
1789749562,slide05-python,lazytown-slide05-python,cold,29,True,44.89,1.36,46.25,47.0,512.0,35.0,998.699,200
1789749570,slide05-python,lazytown-slide05-python,cold,30,True,68.79,1.97,70.76,71.0,512.0,35.0,993.899,200
1789749571,slide05-python,lazytown-slide05-python,warm,1,False,,1.43,,2.0,512.0,35.0,832.417,200
1789749572,slide05-python,lazytown-slide05-python,warm,2,False,,3.28,,4.0,512.0,35.0,812.143,200
1789749573,slide05-python,lazytown-slide05-python,warm,3,False,,1.36,,2.0,512.0,35.0,830.62,200
1789749574,slide05-python,lazytown-slide05-python,warm,4,False,,1.41,,2.0,512.0,35.0,841.944,200
1789749575,slide05-python,lazytown-slide05-python,warm,5,False,,1.42,,2.0,512.0,35.0,831.547,200
1789749575,slide05-python,lazytown-slide05-python,warm,6,False,,1.44,,2.0,512.0,35.0,820.219,200
1789749576,slide05-python,lazytown-slide05-python,warm,7,False,,1.28,,2.0,512.0,35.0,837.788,200
1789749577,slide05-python,lazytown-slide05-python,warm,8,False,,1.39,,2.0,512.0,35.0,828.293,200
1789749578,slide05-python,lazytown-slide05-python,warm,9,False,,1.29,,2.0,512.0,35.0,832.661,200
1789749579,slide05-python,lazytown-slide05-python,warm,10,False,,1.39,,2.0,512.0,35.0,837.14,200
1789749580,slide05-python,lazytown-slide05-python,warm,11,False,,1.4,,2.0,512.0,35.0,821.417,200
1789749580,slide05-python,lazytown-slide05-python,warm,12,False,,1.35,,2.0,512.0,35.0,825.242,200
1789749581,slide05-python,lazytown-slide05-python,warm,13,False,,1.34,,2.0,512.0,35.0,834.258,200
1789749582,slide05-python,lazytown-slide05-python,warm,14,False,,1.28,,2.0,512.0,35.0,839.798,200
1789749583,slide05-python,lazytown-slide05-python,warm,15,False,,1.34,,2.0,512.0,35.0,851.634,200
1789749584,slide05-python,lazytown-slide05-python,warm,16,False,,1.28,,2.0,512.0,35.0,940.707,200
1789749585,slide05-python,lazytown-slide05-python,warm,17,False,,1.25,,2.0,512.0,35.0,845.534,200
1789749586,slide05-python,lazytown-slide05-python,warm,18,False,,1.33,,2.0,512.0,35.0,845.439,200
1789749586,slide05-python,lazytown-slide05-python,warm,19,False,,1.38,,2.0,512.0,35.0,844.927,200
1789749587,slide05-python,lazytown-slide05-python,warm,20,False,,1.39,,2.0,512.0,35.0,856.104,200
1789749588,slide05-python,lazytown-slide05-python,warm,21,False,,1.43,,2.0,512.0,35.0,890.22,200
1789749589,slide05-python,lazytown-slide05-python,warm,22,False,,1.37,,2.0,512.0,35.0,880.606,200
1789749590,slide05-python,lazytown-slide05-python,warm,23,False,,1.35,,2.0,512.0,35.0,833.359,200
1789749591,slide05-python,lazytown-slide05-python,warm,24,False,,1.38,,2.0,512.0,35.0,820.72,200
1789749592,slide05-python,lazytown-slide05-python,warm,25,False,,1.33,,2.0,512.0,35.0,880.536,200
1789749593,slide05-python,lazytown-slide05-python,warm,26,False,,1.42,,2.0,512.0,35.0,846.302,200
1789749593,slide05-python,lazytown-slide05-python,warm,27,False,,1.38,,2.0,512.0,35.0,871.507,200
1789749594,slide05-python,lazytown-slide05-python,warm,28,False,,1.43,,2.0,512.0,35.0,873.291,200
1789749595,slide05-python,lazytown-slide05-python,warm,29,False,,1.32,,2.0,512.0,35.0,832.216,200
1789749596,slide05-python,lazytown-slide05-python,warm,30,False,,1.29,,2.0,512.0,35.0,825.723,200
1789749646,slide05-go,lazytown-slide05-go,cold,1,True,64.17,3.61,67.78,68.0,512.0,28.0,1112.063,200
1789749654,slide05-go,lazytown-slide05-go,cold,2,True,72.82,3.06,75.88,76.0,512.0,28.0,1062.546,200
1789749662,slide05-go,lazytown-slide05-go,cold,3,True,62.38,2.28,64.66,65.0,512.0,28.0,996.518,200
1789749670,slide05-go,lazytown-slide05-go,cold,4,True,63.03,3.53,66.56,67.0,512.0,28.0,1021.898,200
1789749678,slide05-go,lazytown-slide05-go,cold,5,True,76.47,3.15,79.62,80.0,512.0,28.0,1075.155,200
1789749686,slide05-go,lazytown-slide05-go,cold,6,True,52.16,2.73,54.88999999999999,55.0,512.0,28.0,1023.287,200
1789749694,slide05-go,lazytown-slide05-go,cold,7,True,62.75,3.65,66.4,67.0,512.0,28.0,990.402,200
1789749703,slide05-go,lazytown-slide05-go,cold,8,True,62.58,3.38,65.96,66.0,512.0,28.0,1205.842,200
1789749711,slide05-go,lazytown-slide05-go,cold,9,True,56.33,1.09,57.42,58.0,512.0,28.0,1024.432,200
1789749719,slide05-go,lazytown-slide05-go,cold,10,True,52.68,2.77,55.45,56.0,512.0,28.0,1180.097,200
1789749727,slide05-go,lazytown-slide05-go,cold,11,True,63.44,1.16,64.6,65.0,512.0,28.0,1025.912,200
1789749735,slide05-go,lazytown-slide05-go,cold,12,True,76.19,4.3,80.49,81.0,512.0,28.0,1045.964,200
1789749743,slide05-go,lazytown-slide05-go,cold,13,True,60.66,3.4,64.06,65.0,512.0,28.0,1025.288,200
1789749751,slide05-go,lazytown-slide05-go,cold,14,True,52.75,3.21,55.96,56.0,512.0,28.0,989.902,200
1789749759,slide05-go,lazytown-slide05-go,cold,15,True,63.38,3.62,67.0,67.0,512.0,28.0,1020.377,200
1789749768,slide05-go,lazytown-slide05-go,cold,16,True,76.19,4.17,80.36,81.0,512.0,28.0,1297.185,200
1789749776,slide05-go,lazytown-slide05-go,cold,17,True,61.55,3.49,65.03999999999999,66.0,512.0,26.0,1002.46,200
1789749784,slide05-go,lazytown-slide05-go,cold,18,True,52.72,2.61,55.33,56.0,512.0,26.0,977.264,200
1789749792,slide05-go,lazytown-slide05-go,cold,19,True,64.09,1.55,65.64,66.0,512.0,26.0,999.206,200
1789749800,slide05-go,lazytown-slide05-go,cold,20,True,61.03,3.15,64.18,65.0,512.0,28.0,1023.283,200
1789749808,slide05-go,lazytown-slide05-go,cold,21,True,52.79,2.06,54.85,55.0,512.0,28.0,985.8,200
1789749816,slide05-go,lazytown-slide05-go,cold,22,True,62.21,3.07,65.28,66.0,512.0,28.0,1016.135,200
1789749824,slide05-go,lazytown-slide05-go,cold,23,True,62.31,3.25,65.56,66.0,512.0,28.0,1034.8,200
1789749833,slide05-go,lazytown-slide05-go,cold,24,True,62.74,3.3,66.04,67.0,512.0,28.0,1190.423,200
1789749841,slide05-go,lazytown-slide05-go,cold,25,True,64.31,1.34,65.65,66.0,512.0,28.0,986.698,200
1789749849,slide05-go,lazytown-slide05-go,cold,26,True,64.16,2.12,66.28,67.0,512.0,28.0,1232.029,200
1789749857,slide05-go,lazytown-slide05-go,cold,27,True,76.4,3.26,79.66000000000001,80.0,512.0,28.0,1059.619,200
1789749865,slide05-go,lazytown-slide05-go,cold,28,True,64.73,3.34,68.07000000000001,69.0,512.0,26.0,1020.087,200
1789749873,slide05-go,lazytown-slide05-go,cold,29,True,62.33,3.08,65.41,66.0,512.0,28.0,987.107,200
1789749881,slide05-go,lazytown-slide05-go,cold,30,True,61.91,1.2,63.11,64.0,512.0,28.0,1007.244,200
1789749883,slide05-go,lazytown-slide05-go,warm,1,False,,0.84,,1.0,512.0,28.0,818.303,200
1789749884,slide05-go,lazytown-slide05-go,warm,2,False,,1.18,,2.0,512.0,28.0,869.164,200
1789749884,slide05-go,lazytown-slide05-go,warm,3,False,,0.98,,1.0,512.0,28.0,880.251,200
1789749885,slide05-go,lazytown-slide05-go,warm,4,False,,0.96,,1.0,512.0,28.0,839.787,200
1789749886,slide05-go,lazytown-slide05-go,warm,5,False,,0.82,,1.0,512.0,28.0,866.382,200
1789749887,slide05-go,lazytown-slide05-go,warm,6,False,,0.85,,1.0,512.0,28.0,843.684,200
1789749888,slide05-go,lazytown-slide05-go,warm,7,False,,1.0,,2.0,512.0,28.0,845.627,200
1789749889,slide05-go,lazytown-slide05-go,warm,8,False,,0.91,,1.0,512.0,28.0,817.357,200
1789749890,slide05-go,lazytown-slide05-go,warm,9,False,,0.94,,1.0,512.0,28.0,824.648,200
1789749890,slide05-go,lazytown-slide05-go,warm,10,False,,0.84,,1.0,512.0,28.0,840.059,200
1789749891,slide05-go,lazytown-slide05-go,warm,11,False,,1.16,,2.0,512.0,28.0,851.993,200
1789749892,slide05-go,lazytown-slide05-go,warm,12,False,,1.0,,1.0,512.0,28.0,833.423,200
1789749893,slide05-go,lazytown-slide05-go,warm,13,False,,0.84,,1.0,512.0,28.0,1029.871,200
1789749894,slide05-go,lazytown-slide05-go,warm,14,False,,0.84,,1.0,512.0,28.0,837.031,200
1789749895,slide05-go,lazytown-slide05-go,warm,15,False,,1.01,,2.0,512.0,28.0,822.981,200
1789749896,slide05-go,lazytown-slide05-go,warm,16,False,,0.75,,1.0,512.0,28.0,839.723,200
1789749896,slide05-go,lazytown-slide05-go,warm,17,False,,0.9,,1.0,512.0,28.0,850.352,200
1789749897,slide05-go,lazytown-slide05-go,warm,18,False,,0.89,,1.0,512.0,28.0,845.334,200
1789749898,slide05-go,lazytown-slide05-go,warm,19,False,,0.83,,1.0,512.0,28.0,825.652,200
1789749899,slide05-go,lazytown-slide05-go,warm,20,False,,0.81,,1.0,512.0,28.0,856.621,200
1789749900,slide05-go,lazytown-slide05-go,warm,21,False,,0.77,,1.0,512.0,28.0,829.444,200
1789749901,slide05-go,lazytown-slide05-go,warm,22,False,,0.98,,1.0,512.0,28.0,828.427,200
1789749902,slide05-go,lazytown-slide05-go,warm,23,False,,0.85,,1.0,512.0,28.0,837.076,200
1789749902,slide05-go,lazytown-slide05-go,warm,24,False,,0.86,,1.0,512.0,28.0,828.226,200
1789749903,slide05-go,lazytown-slide05-go,warm,25,False,,0.83,,1.0,512.0,28.0,849.63,200
1789749904,slide05-go,lazytown-slide05-go,warm,26,False,,0.88,,1.0,512.0,28.0,838.625,200
1789749905,slide05-go,lazytown-slide05-go,warm,27,False,,1.09,,2.0,512.0,28.0,850.757,200
1789749906,slide05-go,lazytown-slide05-go,warm,28,False,,0.86,,1.0,512.0,28.0,842.207,200
1789749907,slide05-go,lazytown-slide05-go,warm,29,False,,0.82,,1.0,512.0,28.0,834.062,200
1789749907,slide05-go,lazytown-slide05-go,warm,30,False,,0.9,,1.0,512.0,28.0,887.301,200
1789752966,slide06-x86,lazytown-slide06-x86,cold,1,True,96.32,1.88,98.19999999999999,99.0,512.0,36.0,1098.201,200
1789752974,slide06-x86,lazytown-slide06-x86,cold,2,True,88.4,2.02,90.42,91.0,512.0,36.0,1288.324,200
1789752982,slide06-x86,lazytown-slide06-x86,cold,3,True,80.65,1.99,82.64,83.0,512.0,36.0,1033.103,200
1789752990,slide06-x86,lazytown-slide06-x86,cold,4,True,83.41,2.02,85.42999999999999,86.0,512.0,36.0,1096.132,200
1789752999,slide06-x86,lazytown-slide06-x86,cold,5,True,84.09,2.11,86.2,87.0,512.0,36.0,1066.176,200
1789753007,slide06-x86,lazytown-slide06-x86,cold,6,True,87.67,2.19,89.86,90.0,512.0,36.0,1049.554,200
1789753015,slide06-x86,lazytown-slide06-x86,cold,7,True,81.78,1.89,83.67,84.0,512.0,36.0,1195.234,200
1789753023,slide06-x86,lazytown-slide06-x86,cold,8,True,95.51,2.1,97.61,98.0,512.0,36.0,1297.571,200
1789753032,slide06-x86,lazytown-slide06-x86,cold,9,True,80.66,1.96,82.61999999999999,83.0,512.0,36.0,1212.661,200
1789753040,slide06-x86,lazytown-slide06-x86,cold,10,True,85.18,2.21,87.39,88.0,512.0,36.0,1122.886,200
1789753048,slide06-x86,lazytown-slide06-x86,cold,11,True,82.76,1.99,84.75,85.0,512.0,36.0,1039.222,200
1789753056,slide06-x86,lazytown-slide06-x86,cold,12,True,77.88,1.83,79.71,80.0,512.0,36.0,1045.044,200
1789753064,slide06-x86,lazytown-slide06-x86,cold,13,True,76.74,1.88,78.61999999999999,79.0,512.0,36.0,1057.888,200
1789753073,slide06-x86,lazytown-slide06-x86,cold,14,True,78.7,1.84,80.54,81.0,512.0,36.0,1035.326,200
1789753081,slide06-x86,lazytown-slide06-x86,cold,15,True,90.72,1.93,92.65,93.0,512.0,36.0,1119.455,200
1789753089,slide06-x86,lazytown-slide06-x86,cold,16,True,103.86,2.04,105.9,106.0,512.0,36.0,1306.573,200
1789753097,slide06-x86,lazytown-slide06-x86,cold,17,True,81.16,1.91,83.07,84.0,512.0,36.0,1053.181,200
1789753105,slide06-x86,lazytown-slide06-x86,cold,18,True,76.94,2.0,78.94,79.0,512.0,36.0,1045.786,200
1789753114,slide06-x86,lazytown-slide06-x86,cold,19,True,85.67,2.01,87.68,88.0,512.0,36.0,1065.32,200
1789753122,slide06-x86,lazytown-slide06-x86,cold,20,True,81.26,1.96,83.22,84.0,512.0,36.0,1026.271,200
1789753130,slide06-x86,lazytown-slide06-x86,cold,21,True,84.23,2.29,86.52000000000001,87.0,512.0,36.0,1066.392,200
1789753138,slide06-x86,lazytown-slide06-x86,cold,22,True,76.42,1.87,78.29,79.0,512.0,36.0,1028.839,200
1789753146,slide06-x86,lazytown-slide06-x86,cold,23,True,78.67,2.06,80.73,81.0,512.0,36.0,1059.425,200
1789753154,slide06-x86,lazytown-slide06-x86,cold,24,True,79.96,1.91,81.86999999999999,82.0,512.0,36.0,1236.437,200
1789753163,slide06-x86,lazytown-slide06-x86,cold,25,True,86.56,2.08,88.64,89.0,512.0,36.0,1060.876,200
1789753171,slide06-x86,lazytown-slide06-x86,cold,26,True,77.65,1.95,79.60000000000001,80.0,512.0,36.0,1050.444,200
1789753179,slide06-x86,lazytown-slide06-x86,cold,27,True,87.29,1.75,89.04,90.0,512.0,36.0,1050.533,200
1789753187,slide06-x86,lazytown-slide06-x86,cold,28,True,85.47,2.13,87.6,88.0,512.0,36.0,1037.547,200
1789753195,slide06-x86,lazytown-slide06-x86,cold,29,True,81.78,2.12,83.9,84.0,512.0,35.0,1065.727,200
1789753203,slide06-x86,lazytown-slide06-x86,cold,30,True,88.43,2.08,90.51,91.0,512.0,36.0,1058.681,200
1789753205,slide06-x86,lazytown-slide06-x86,warm,1,False,,1.38,,2.0,512.0,36.0,846.115,200
1789753206,slide06-x86,lazytown-slide06-x86,warm,2,False,,1.6,,2.0,512.0,36.0,877.051,200
1789753207,slide06-x86,lazytown-slide06-x86,warm,3,False,,1.5,,2.0,512.0,36.0,856.983,200
1789753208,slide06-x86,lazytown-slide06-x86,warm,4,False,,1.44,,2.0,512.0,36.0,844.865,200
1789753208,slide06-x86,lazytown-slide06-x86,warm,5,False,,2.48,,3.0,512.0,36.0,842.049,200
1789753209,slide06-x86,lazytown-slide06-x86,warm,6,False,,1.48,,2.0,512.0,36.0,845.287,200
1789753210,slide06-x86,lazytown-slide06-x86,warm,7,False,,1.59,,2.0,512.0,36.0,855.923,200
1789753211,slide06-x86,lazytown-slide06-x86,warm,8,False,,1.49,,2.0,512.0,36.0,836.846,200
1789753212,slide06-x86,lazytown-slide06-x86,warm,9,False,,1.36,,2.0,512.0,36.0,863.018,200
1789753213,slide06-x86,lazytown-slide06-x86,warm,10,False,,1.52,,2.0,512.0,36.0,855.025,200
1789753214,slide06-x86,lazytown-slide06-x86,warm,11,False,,1.58,,2.0,512.0,36.0,841.215,200
1789753215,slide06-x86,lazytown-slide06-x86,warm,12,False,,1.34,,2.0,512.0,36.0,1092.353,200
1789753216,slide06-x86,lazytown-slide06-x86,warm,13,False,,1.43,,2.0,512.0,36.0,852.038,200
1789753216,slide06-x86,lazytown-slide06-x86,warm,14,False,,1.51,,2.0,512.0,36.0,850.191,200
1789753217,slide06-x86,lazytown-slide06-x86,warm,15,False,,1.39,,2.0,512.0,36.0,834.982,200
1789753218,slide06-x86,lazytown-slide06-x86,warm,16,False,,1.48,,2.0,512.0,36.0,854.631,200
1789753219,slide06-x86,lazytown-slide06-x86,warm,17,False,,1.38,,2.0,512.0,36.0,844.66,200
1789753220,slide06-x86,lazytown-slide06-x86,warm,18,False,,1.81,,2.0,512.0,36.0,852.151,200
1789753221,slide06-x86,lazytown-slide06-x86,warm,19,False,,1.48,,2.0,512.0,36.0,854.652,200
1789753222,slide06-x86,lazytown-slide06-x86,warm,20,False,,1.6,,2.0,512.0,36.0,859.203,200
1789753222,slide06-x86,lazytown-slide06-x86,warm,21,False,,1.48,,2.0,512.0,36.0,844.297,200
1789753223,slide06-x86,lazytown-slide06-x86,warm,22,False,,1.38,,2.0,512.0,36.0,860.719,200
1789753224,slide06-x86,lazytown-slide06-x86,warm,23,False,,1.47,,2.0,512.0,36.0,867.165,200
1789753225,slide06-x86,lazytown-slide06-x86,warm,24,False,,1.5,,2.0,512.0,36.0,865.277,200
1789753226,slide06-x86,lazytown-slide06-x86,warm,25,False,,1.5,,2.0,512.0,36.0,878.419,200
1789753227,slide06-x86,lazytown-slide06-x86,warm,26,False,,1.48,,2.0,512.0,36.0,854.494,200
1789753228,slide06-x86,lazytown-slide06-x86,warm,27,False,,1.65,,2.0,512.0,36.0,856.241,200
1789753228,slide06-x86,lazytown-slide06-x86,warm,28,False,,1.54,,2.0,512.0,36.0,839.096,200
1789753229,slide06-x86,lazytown-slide06-x86,warm,29,False,,1.46,,2.0,512.0,36.0,845.883,200
1789753230,slide06-x86,lazytown-slide06-x86,warm,30,False,,1.52,,2.0,512.0,36.0,852.838,200
1789753342,slide06-arm64,lazytown-slide06-arm64,cold,1,True,46.97,1.36,48.33,49.0,512.0,35.0,989.644,200
1789753350,slide06-arm64,lazytown-slide06-arm64,cold,2,True,62.54,1.83,64.37,65.0,512.0,35.0,1002.088,200
1789753358,slide06-arm64,lazytown-slide06-arm64,cold,3,True,47.97,1.64,49.61,50.0,512.0,35.0,1001.585,200
1789753366,slide06-arm64,lazytown-slide06-arm64,cold,4,True,43.37,1.22,44.589999999999996,45.0,512.0,35.0,982.374,200
1789753374,slide06-arm64,lazytown-slide06-arm64,cold,5,True,66.39,1.92,68.31,69.0,512.0,35.0,1023.156,200
1789753382,slide06-arm64,lazytown-slide06-arm64,cold,6,True,63.42,1.82,65.24,66.0,512.0,35.0,1024.602,200
1789753390,slide06-arm64,lazytown-slide06-arm64,cold,7,True,69.24,2.0,71.24,72.0,512.0,35.0,1028.243,200
1789753398,slide06-arm64,lazytown-slide06-arm64,cold,8,True,66.92,2.39,69.31,70.0,512.0,35.0,1242.928,200
1789753407,slide06-arm64,lazytown-slide06-arm64,cold,9,True,62.27,2.06,64.33,65.0,512.0,35.0,1011.462,200
1789753410,slide06-arm64,lazytown-slide06-arm64,cold,10,True,63.97,1.95,65.92,66.0,512.0,35.0,1150.282,200
1789753418,slide06-arm64,lazytown-slide06-arm64,cold,11,True,62.48,2.33,64.81,65.0,512.0,35.0,1010.335,200
1789753426,slide06-arm64,lazytown-slide06-arm64,cold,12,True,64.92,1.95,66.87,67.0,512.0,35.0,1006.365,200
1789753434,slide06-arm64,lazytown-slide06-arm64,cold,13,True,66.04,2.09,68.13000000000001,69.0,512.0,35.0,1050.248,200
1789753442,slide06-arm64,lazytown-slide06-arm64,cold,14,True,65.42,1.95,67.37,68.0,512.0,35.0,1027.864,200
1789753451,slide06-arm64,lazytown-slide06-arm64,cold,15,True,68.98,2.13,71.11,72.0,512.0,35.0,1050.327,200
1789753459,slide06-arm64,lazytown-slide06-arm64,cold,16,True,62.07,1.55,63.62,64.0,512.0,35.0,1193.967,200
1789753467,slide06-arm64,lazytown-slide06-arm64,cold,17,True,61.38,1.83,63.21,64.0,512.0,35.0,984.506,200
1789753475,slide06-arm64,lazytown-slide06-arm64,cold,18,True,49.55,1.6,51.15,52.0,512.0,35.0,1001.585,200
1789753483,slide06-arm64,lazytown-slide06-arm64,cold,19,True,69.13,2.57,71.69999999999999,72.0,512.0,35.0,1061.268,200
1789753491,slide06-arm64,lazytown-slide06-arm64,cold,20,True,63.99,2.64,66.63,67.0,512.0,35.0,992.619,200
1789753499,slide06-arm64,lazytown-slide06-arm64,cold,21,True,66.18,1.85,68.03,69.0,512.0,35.0,986.026,200
1789753507,slide06-arm64,lazytown-slide06-arm64,cold,22,True,76.72,1.39,78.11,79.0,512.0,35.0,1011.82,200
1789753515,slide06-arm64,lazytown-slide06-arm64,cold,23,True,50.79,1.62,52.41,53.0,512.0,35.0,992.961,200
1789753523,slide06-arm64,lazytown-slide06-arm64,cold,24,True,44.06,1.31,45.370000000000005,46.0,512.0,35.0,1161.386,200
1789753532,slide06-arm64,lazytown-slide06-arm64,cold,25,True,81.56,2.12,83.68,84.0,512.0,35.0,1046.942,200
1789753540,slide06-arm64,lazytown-slide06-arm64,cold,26,True,63.41,1.78,65.19,66.0,512.0,35.0,1035.416,200
1789753548,slide06-arm64,lazytown-slide06-arm64,cold,27,True,61.29,1.78,63.07,64.0,512.0,35.0,977.126,200
1789753556,slide06-arm64,lazytown-slide06-arm64,cold,28,True,63.85,1.92,65.77,66.0,512.0,35.0,983.115,200
1789753564,slide06-arm64,lazytown-slide06-arm64,cold,29,True,60.89,1.81,62.7,63.0,512.0,35.0,1003.526,200
1789753572,slide06-arm64,lazytown-slide06-arm64,cold,30,True,60.79,1.87,62.66,63.0,512.0,35.0,1001.861,200
1789753573,slide06-arm64,lazytown-slide06-arm64,warm,1,False,,1.38,,2.0,512.0,35.0,853.803,200
1789753574,slide06-arm64,lazytown-slide06-arm64,warm,2,False,,1.42,,2.0,512.0,35.0,868.537,200
1789753575,slide06-arm64,lazytown-slide06-arm64,warm,3,False,,1.44,,2.0,512.0,35.0,867.881,200
1789753576,slide06-arm64,lazytown-slide06-arm64,warm,4,False,,1.46,,2.0,512.0,35.0,825.313,200
1789753577,slide06-arm64,lazytown-slide06-arm64,warm,5,False,,1.32,,2.0,512.0,35.0,824.754,200
1789753578,slide06-arm64,lazytown-slide06-arm64,warm,6,False,,1.35,,2.0,512.0,35.0,815.322,200
1789753578,slide06-arm64,lazytown-slide06-arm64,warm,7,False,,1.3,,2.0,512.0,35.0,841.221,200
1789753579,slide06-arm64,lazytown-slide06-arm64,warm,8,False,,1.31,,2.0,512.0,35.0,838.601,200
1789753580,slide06-arm64,lazytown-slide06-arm64,warm,9,False,,1.39,,2.0,512.0,35.0,808.285,200
1789753581,slide06-arm64,lazytown-slide06-arm64,warm,10,False,,1.32,,2.0,512.0,35.0,824.059,200
1789753582,slide06-arm64,lazytown-slide06-arm64,warm,11,False,,1.3,,2.0,512.0,35.0,847.227,200
1789753583,slide06-arm64,lazytown-slide06-arm64,warm,12,False,,1.45,,2.0,512.0,35.0,807.959,200
1789753584,slide06-arm64,lazytown-slide06-arm64,warm,13,False,,1.46,,2.0,512.0,35.0,1077.73,200
1789753585,slide06-arm64,lazytown-slide06-arm64,warm,14,False,,1.37,,2.0,512.0,35.0,835.382,200
1789753585,slide06-arm64,lazytown-slide06-arm64,warm,15,False,,1.3,,2.0,512.0,35.0,836.326,200
1789753586,slide06-arm64,lazytown-slide06-arm64,warm,16,False,,1.31,,2.0,512.0,35.0,811.24,200
1789753587,slide06-arm64,lazytown-slide06-arm64,warm,17,False,,1.41,,2.0,512.0,35.0,837.054,200
1789753588,slide06-arm64,lazytown-slide06-arm64,warm,18,False,,1.26,,2.0,512.0,35.0,827.886,200
1789753589,slide06-arm64,lazytown-slide06-arm64,warm,19,False,,1.28,,2.0,512.0,35.0,826.672,200
1789753590,slide06-arm64,lazytown-slide06-arm64,warm,20,False,,1.33,,2.0,512.0,35.0,837.902,200
1789753590,slide06-arm64,lazytown-slide06-arm64,warm,21,False,,1.45,,2.0,512.0,35.0,822.006,200
1789753591,slide06-arm64,lazytown-slide06-arm64,warm,22,False,,1.29,,2.0,512.0,35.0,846.214,200
1789753592,slide06-arm64,lazytown-slide06-arm64,warm,23,False,,1.52,,2.0,512.0,35.0,849.454,200
1789753593,slide06-arm64,lazytown-slide06-arm64,warm,24,False,,1.44,,2.0,512.0,35.0,817.409,200
1789753594,slide06-arm64,lazytown-slide06-arm64,warm,25,False,,1.31,,2.0,512.0,35.0,838.778,200
1789753595,slide06-arm64,lazytown-slide06-arm64,warm,26,False,,1.46,,2.0,512.0,35.0,829.24,200
1789753595,slide06-arm64,lazytown-slide06-arm64,warm,27,False,,1.34,,2.0,512.0,35.0,817.323,200
1789753596,slide06-arm64,lazytown-slide06-arm64,warm,28,False,,1.42,,2.0,512.0,35.0,823.336,200
1789753597,slide06-arm64,lazytown-slide06-arm64,warm,29,False,,1.44,,2.0,512.0,35.0,840.971,200
1789753598,slide06-arm64,lazytown-slide06-arm64,warm,30,False,,1.28,,2.0,512.0,35.0,839.411,200
1789756309,slide07-eager-simple,lazytown-slide07-eager,cold,1,True,2292.22,1.99,2294.2099999999996,2295.0,512.0,137.0,3543.774,200
1789756319,slide07-eager-simple,lazytown-slide07-eager,cold,2,True,1749.05,1.72,1750.77,1751.0,512.0,137.0,3015.455,200
1789756329,slide07-eager-simple,lazytown-slide07-eager,cold,3,True,1417.45,1.48,1418.93,1419.0,512.0,137.0,2808.623,200
1789756339,slide07-eager-simple,lazytown-slide07-eager,cold,4,True,2282.95,1.9,2284.85,2285.0,512.0,137.0,3587.074,200
1789756350,slide07-eager-simple,lazytown-slide07-eager,cold,5,True,1859.49,2.44,1861.93,1862.0,512.0,137.0,2987.313,200
1789756360,slide07-eager-simple,lazytown-slide07-eager,cold,6,True,1817.68,1.93,1819.6100000000001,1820.0,512.0,137.0,3261.909,200
1789756370,slide07-eager-simple,lazytown-slide07-eager,cold,7,True,1765.17,1.82,1766.99,1767.0,512.0,137.0,3099.168,200
1789756380,slide07-eager-simple,lazytown-slide07-eager,cold,8,True,1883.84,2.04,1885.8799999999999,1886.0,512.0,137.0,3091.129,200
1789756391,slide07-eager-simple,lazytown-slide07-eager,cold,9,True,1857.68,1.69,1859.3700000000001,1860.0,512.0,137.0,3164.293,200
1789756401,slide07-eager-simple,lazytown-slide07-eager,cold,10,True,1806.78,1.73,1808.51,1809.0,512.0,137.0,2941.392,200
1789756411,slide07-eager-simple,lazytown-slide07-eager,cold,11,True,2308.5,2.13,2310.63,2311.0,512.0,137.0,3504.973,200
1789756422,slide07-eager-simple,lazytown-slide07-eager,cold,12,True,1870.68,1.94,1872.6200000000001,1873.0,512.0,137.0,3261.325,200
1789756431,slide07-eager-simple,lazytown-slide07-eager,cold,13,True,1395.1,1.51,1396.61,1397.0,512.0,137.0,2583.563,200
1789756441,slide07-eager-simple,lazytown-slide07-eager,cold,14,True,1826.38,3.0,1829.38,1830.0,512.0,137.0,2957.855,200
1789756452,slide07-eager-simple,lazytown-slide07-eager,cold,15,True,1856.47,1.77,1858.24,1859.0,512.0,137.0,3205.167,200
1789756462,slide07-eager-simple,lazytown-slide07-eager,cold,16,True,1782.39,1.71,1784.1000000000001,1785.0,512.0,137.0,2880.961,200
1789756472,slide07-eager-simple,lazytown-slide07-eager,cold,17,True,1766.63,2.67,1769.3000000000002,1770.0,512.0,137.0,2977.217,200
1789756482,slide07-eager-simple,lazytown-slide07-eager,cold,18,True,1391.83,1.5,1393.33,1394.0,512.0,137.0,2804.1,200
1789756491,slide07-eager-simple,lazytown-slide07-eager,cold,19,True,1438.42,1.56,1439.98,1440.0,512.0,137.0,2588.942,200
1789756501,slide07-eager-simple,lazytown-slide07-eager,cold,20,True,1385.12,1.49,1386.61,1387.0,512.0,137.0,2627.483,200
1789756511,slide07-eager-simple,lazytown-slide07-eager,cold,21,True,1379.29,1.49,1380.78,1381.0,512.0,137.0,2770.117,200
1789756521,slide07-eager-simple,lazytown-slide07-eager,cold,22,True,1779.65,1.76,1781.41,1782.0,512.0,137.0,2989.446,200
1789756531,slide07-eager-simple,lazytown-slide07-eager,cold,23,True,1806.89,1.95,1808.8400000000001,1809.0,512.0,137.0,2985.168,200
1789756541,slide07-eager-simple,lazytown-slide07-eager,cold,24,True,1783.1,1.78,1784.8799999999999,1785.0,512.0,137.0,3159.474,200
1789756551,slide07-eager-simple,lazytown-slide07-eager,cold,25,True,1827.37,1.86,1829.2299999999998,1830.0,512.0,137.0,2962.032,200
1789756561,slide07-eager-simple,lazytown-slide07-eager,cold,26,True,1758.89,1.74,1760.63,1761.0,512.0,137.0,3005.659,200
1789756572,slide07-eager-simple,lazytown-slide07-eager,cold,27,True,1819.6,2.02,1821.62,1822.0,512.0,137.0,3245.844,200
1789756582,slide07-eager-simple,lazytown-slide07-eager,cold,28,True,1730.94,1.67,1732.6100000000001,1733.0,512.0,137.0,2964.633,200
1789756592,slide07-eager-simple,lazytown-slide07-eager,cold,29,True,1830.63,1.81,1832.44,1833.0,512.0,137.0,2969.68,200
1789756602,slide07-eager-simple,lazytown-slide07-eager,cold,30,True,1431.59,1.65,1433.24,1434.0,512.0,137.0,2802.613,200
1789756604,slide07-eager-simple,lazytown-slide07-eager,warm,1,False,,1.2,,2.0,512.0,137.0,965.166,200
1789756605,slide07-eager-simple,lazytown-slide07-eager,warm,2,False,,1.26,,2.0,512.0,137.0,1056.221,200
1789756606,slide07-eager-simple,lazytown-slide07-eager,warm,3,False,,1.22,,2.0,512.0,137.0,1025.923,200
1789756607,slide07-eager-simple,lazytown-slide07-eager,warm,4,False,,1.28,,2.0,512.0,137.0,991.014,200
1789756608,slide07-eager-simple,lazytown-slide07-eager,warm,5,False,,1.24,,2.0,512.0,137.0,877.465,200
1789756609,slide07-eager-simple,lazytown-slide07-eager,warm,6,False,,1.24,,2.0,512.0,137.0,958.576,200
1789756610,slide07-eager-simple,lazytown-slide07-eager,warm,7,False,,1.16,,2.0,512.0,137.0,962.571,200
1789756611,slide07-eager-simple,lazytown-slide07-eager,warm,8,False,,1.13,,2.0,512.0,137.0,892.461,200
1789756612,slide07-eager-simple,lazytown-slide07-eager,warm,9,False,,1.23,,2.0,512.0,137.0,917.95,200
1789756613,slide07-eager-simple,lazytown-slide07-eager,warm,10,False,,1.2,,2.0,512.0,137.0,930.698,200
1789756614,slide07-eager-simple,lazytown-slide07-eager,warm,11,False,,1.18,,2.0,512.0,137.0,940.431,200
1789756615,slide07-eager-simple,lazytown-slide07-eager,warm,12,False,,1.31,,2.0,512.0,137.0,955.711,200
1789756616,slide07-eager-simple,lazytown-slide07-eager,warm,13,False,,1.19,,2.0,512.0,137.0,1062.262,200
1789756617,slide07-eager-simple,lazytown-slide07-eager,warm,14,False,,1.19,,2.0,512.0,137.0,1112.948,200
1789756618,slide07-eager-simple,lazytown-slide07-eager,warm,15,False,,1.15,,2.0,512.0,137.0,1009.795,200
1789756619,slide07-eager-simple,lazytown-slide07-eager,warm,16,False,,1.18,,2.0,512.0,137.0,930.024,200
1789756620,slide07-eager-simple,lazytown-slide07-eager,warm,17,False,,1.2,,2.0,512.0,137.0,972.148,200
1789756621,slide07-eager-simple,lazytown-slide07-eager,warm,18,False,,1.21,,2.0,512.0,137.0,885.251,200
1789756622,slide07-eager-simple,lazytown-slide07-eager,warm,19,False,,1.19,,2.0,512.0,137.0,863.505,200
1789756623,slide07-eager-simple,lazytown-slide07-eager,warm,20,False,,1.25,,2.0,512.0,137.0,966.749,200
1789756624,slide07-eager-simple,lazytown-slide07-eager,warm,21,False,,1.15,,2.0,512.0,137.0,1001.473,200
1789756625,slide07-eager-simple,lazytown-slide07-eager,warm,22,False,,1.24,,2.0,512.0,137.0,984.162,200
1789756626,slide07-eager-simple,lazytown-slide07-eager,warm,23,False,,1.25,,2.0,512.0,137.0,1260.099,200
1789756627,slide07-eager-simple,lazytown-slide07-eager,warm,24,False,,1.24,,2.0,512.0,137.0,929.549,200
1789756628,slide07-eager-simple,lazytown-slide07-eager,warm,25,False,,1.14,,2.0,512.0,137.0,955.932,200
1789756629,slide07-eager-simple,lazytown-slide07-eager,warm,26,False,,1.18,,2.0,512.0,137.0,950.327,200
1789756630,slide07-eager-simple,lazytown-slide07-eager,warm,27,False,,1.43,,2.0,512.0,137.0,922.633,200
1789756631,slide07-eager-simple,lazytown-slide07-eager,warm,28,False,,1.31,,2.0,512.0,137.0,978.638,200
1789756632,slide07-eager-simple,lazytown-slide07-eager,warm,29,False,,1.32,,2.0,512.0,137.0,978.318,200
1789756633,slide07-eager-simple,lazytown-slide07-eager,warm,30,False,,1.14,,2.0,512.0,137.0,972.33,200
1789756679,slide07-lazy-simple,lazytown-slide07-lazy,cold,1,True,62.85,2.0,64.85,65.0,512.0,35.0,1329.838,200
1789756688,slide07-lazy-simple,lazytown-slide07-lazy,cold,2,True,45.45,1.35,46.800000000000004,47.0,512.0,35.0,1554.853,200
1789756696,slide07-lazy-simple,lazytown-slide07-lazy,cold,3,True,63.22,2.08,65.3,66.0,512.0,35.0,1307.539,200
1789756705,slide07-lazy-simple,lazytown-slide07-lazy,cold,4,True,81.45,2.13,83.58,84.0,512.0,35.0,1348.545,200
1789756713,slide07-lazy-simple,lazytown-slide07-lazy,cold,5,True,60.68,1.61,62.29,63.0,512.0,35.0,1209.306,200
1789756717,slide07-lazy-simple,lazytown-slide07-lazy,cold,6,True,64.87,1.93,66.80000000000001,67.0,512.0,35.0,1122.134,200
1789756725,slide07-lazy-simple,lazytown-slide07-lazy,cold,7,True,66.91,2.14,69.05,70.0,512.0,35.0,1194.7,200
1789756734,slide07-lazy-simple,lazytown-slide07-lazy,cold,8,True,65.23,1.89,67.12,68.0,512.0,35.0,1226.653,200
1789756742,slide07-lazy-simple,lazytown-slide07-lazy,cold,9,True,65.04,1.91,66.95,67.0,512.0,35.0,1204.47,200
1789756751,slide07-lazy-simple,lazytown-slide07-lazy,cold,10,True,66.38,1.91,68.28999999999999,69.0,512.0,35.0,1374.874,200
1789756759,slide07-lazy-simple,lazytown-slide07-lazy,cold,11,True,67.17,1.87,69.04,70.0,512.0,35.0,1142.002,200
1789756767,slide07-lazy-simple,lazytown-slide07-lazy,cold,12,True,64.34,1.94,66.28,67.0,512.0,35.0,1225.858,200
1789756776,slide07-lazy-simple,lazytown-slide07-lazy,cold,13,True,65.39,1.94,67.33,68.0,512.0,35.0,1359.603,200
1789756784,slide07-lazy-simple,lazytown-slide07-lazy,cold,14,True,67.3,2.42,69.72,70.0,512.0,35.0,1231.878,200
1789756793,slide07-lazy-simple,lazytown-slide07-lazy,cold,15,True,70.32,2.04,72.36,73.0,512.0,35.0,1194.845,200
1789756801,slide07-lazy-simple,lazytown-slide07-lazy,cold,16,True,64.26,1.77,66.03,67.0,512.0,35.0,1272.277,200
1789756810,slide07-lazy-simple,lazytown-slide07-lazy,cold,17,True,65.38,2.13,67.50999999999999,68.0,512.0,35.0,1485.121,200
1789756818,slide07-lazy-simple,lazytown-slide07-lazy,cold,18,True,62.43,1.72,64.15,65.0,512.0,35.0,1193.477,200
1789756827,slide07-lazy-simple,lazytown-slide07-lazy,cold,19,True,71.15,1.98,73.13000000000001,74.0,512.0,35.0,1292.201,200
1789756835,slide07-lazy-simple,lazytown-slide07-lazy,cold,20,True,59.75,1.76,61.51,62.0,512.0,37.0,1140.537,200
1789756843,slide07-lazy-simple,lazytown-slide07-lazy,cold,21,True,67.15,1.91,69.06,70.0,512.0,35.0,1154.842,200
1789756852,slide07-lazy-simple,lazytown-slide07-lazy,cold,22,True,61.38,1.78,63.160000000000004,64.0,512.0,35.0,1151.747,200
1789756860,slide07-lazy-simple,lazytown-slide07-lazy,cold,23,True,66.45,1.85,68.3,69.0,512.0,35.0,1132.618,200
1789756868,slide07-lazy-simple,lazytown-slide07-lazy,cold,24,True,65.05,1.74,66.78999999999999,67.0,512.0,35.0,1416.771,200
1789756877,slide07-lazy-simple,lazytown-slide07-lazy,cold,25,True,63.35,3.03,66.38,67.0,512.0,35.0,1182.626,200
1789756885,slide07-lazy-simple,lazytown-slide07-lazy,cold,26,True,67.93,1.79,69.72000000000001,70.0,512.0,35.0,1231.313,200
1789756893,slide07-lazy-simple,lazytown-slide07-lazy,cold,27,True,67.25,1.82,69.07,70.0,512.0,35.0,1189.766,200
1789756902,slide07-lazy-simple,lazytown-slide07-lazy,cold,28,True,62.59,1.7,64.29,65.0,512.0,35.0,1166.236,200
1789756910,slide07-lazy-simple,lazytown-slide07-lazy,cold,29,True,63.01,1.83,64.84,65.0,512.0,35.0,1293.629,200
1789756919,slide07-lazy-simple,lazytown-slide07-lazy,cold,30,True,63.61,1.79,65.4,66.0,512.0,37.0,1240.633,200
1789756920,slide07-lazy-simple,lazytown-slide07-lazy,warm,1,False,,1.42,,2.0,512.0,37.0,877.009,200
1789756921,slide07-lazy-simple,lazytown-slide07-lazy,warm,2,False,,1.31,,2.0,512.0,37.0,858.488,200
1789756922,slide07-lazy-simple,lazytown-slide07-lazy,warm,3,False,,1.35,,2.0,512.0,37.0,855.138,200
1789756923,slide07-lazy-simple,lazytown-slide07-lazy,warm,4,False,,1.35,,2.0,512.0,37.0,880.485,200
1789756924,slide07-lazy-simple,lazytown-slide07-lazy,warm,5,False,,1.34,,2.0,512.0,37.0,866.453,200
1789756925,slide07-lazy-simple,lazytown-slide07-lazy,warm,6,False,,1.32,,2.0,512.0,37.0,854.971,200
1789756926,slide07-lazy-simple,lazytown-slide07-lazy,warm,7,False,,1.35,,2.0,512.0,37.0,1088.027,200
1789756927,slide07-lazy-simple,lazytown-slide07-lazy,warm,8,False,,1.45,,2.0,512.0,37.0,878.696,200
1789756928,slide07-lazy-simple,lazytown-slide07-lazy,warm,9,False,,1.3,,2.0,512.0,37.0,878.283,200
1789756928,slide07-lazy-simple,lazytown-slide07-lazy,warm,10,False,,1.32,,2.0,512.0,37.0,863.08,200
1789756929,slide07-lazy-simple,lazytown-slide07-lazy,warm,11,False,,1.37,,2.0,512.0,37.0,864.998,200
1789756930,slide07-lazy-simple,lazytown-slide07-lazy,warm,12,False,,1.36,,2.0,512.0,37.0,881.573,200
1789756931,slide07-lazy-simple,lazytown-slide07-lazy,warm,13,False,,1.29,,2.0,512.0,37.0,880.118,200
1789756932,slide07-lazy-simple,lazytown-slide07-lazy,warm,14,False,,1.38,,2.0,512.0,37.0,855.345,200
1789756933,slide07-lazy-simple,lazytown-slide07-lazy,warm,15,False,,1.47,,2.0,512.0,37.0,862.172,200
1789756934,slide07-lazy-simple,lazytown-slide07-lazy,warm,16,False,,1.33,,2.0,512.0,37.0,867.637,200
1789756935,slide07-lazy-simple,lazytown-slide07-lazy,warm,17,False,,1.34,,2.0,512.0,37.0,859.367,200
1789756935,slide07-lazy-simple,lazytown-slide07-lazy,warm,18,False,,1.39,,2.0,512.0,39.0,930.065,200
1789756936,slide07-lazy-simple,lazytown-slide07-lazy,warm,19,False,,1.48,,2.0,512.0,39.0,870.888,200
1789756937,slide07-lazy-simple,lazytown-slide07-lazy,warm,20,False,,1.3,,2.0,512.0,39.0,870.789,200
1789756938,slide07-lazy-simple,lazytown-slide07-lazy,warm,21,False,,1.28,,2.0,512.0,39.0,856.979,200
1789756939,slide07-lazy-simple,lazytown-slide07-lazy,warm,22,False,,1.27,,2.0,512.0,39.0,862.671,200
1789756940,slide07-lazy-simple,lazytown-slide07-lazy,warm,23,False,,1.31,,2.0,512.0,39.0,905.512,200
1789756941,slide07-lazy-simple,lazytown-slide07-lazy,warm,24,False,,1.42,,2.0,512.0,39.0,869.685,200
1789756942,slide07-lazy-simple,lazytown-slide07-lazy,warm,25,False,,1.4,,2.0,512.0,39.0,866.318,200
1789756943,slide07-lazy-simple,lazytown-slide07-lazy,warm,26,False,,1.37,,2.0,512.0,39.0,875.607,200
1789756943,slide07-lazy-simple,lazytown-slide07-lazy,warm,27,False,,1.31,,2.0,512.0,39.0,862.997,200
1789756944,slide07-lazy-simple,lazytown-slide07-lazy,warm,28,False,,1.3,,2.0,512.0,39.0,875.455,200
1789756945,slide07-lazy-simple,lazytown-slide07-lazy,warm,29,False,,1.64,,2.0,512.0,39.0,888.404,200
1789756946,slide07-lazy-simple,lazytown-slide07-lazy,warm,30,False,,1.35,,2.0,512.0,39.0,862.439,200
1789756976,slide07-eager-report,lazytown-slide07-eager,cold,1,True,2328.3,17.78,2346.0800000000004,2347.0,512.0,137.0,3546.626,200
1789756986,slide07-eager-report,lazytown-slide07-eager,cold,2,True,1801.39,20.31,1821.7,1822.0,512.0,137.0,3003.491,200
1789756996,slide07-eager-report,lazytown-slide07-eager,cold,3,True,1426.14,16.56,1442.7,1443.0,512.0,137.0,2608.233,200
1789757006,slide07-eager-report,lazytown-slide07-eager,cold,4,True,1826.22,18.11,1844.33,1845.0,512.0,139.0,3058.703,200
1789757016,slide07-eager-report,lazytown-slide07-eager,cold,5,True,1790.28,18.28,1808.56,1809.0,512.0,137.0,2957.422,200
1789757026,slide07-eager-report,lazytown-slide07-eager,cold,6,True,1730.28,13.33,1743.61,1744.0,512.0,137.0,2884.445,200
1789757036,slide07-eager-report,lazytown-slide07-eager,cold,7,True,1805.28,17.87,1823.1499999999999,1824.0,512.0,137.0,2937.057,200
1789757046,slide07-eager-report,lazytown-slide07-eager,cold,8,True,1775.11,18.11,1793.2199999999998,1794.0,512.0,137.0,2918.704,200
1789757056,slide07-eager-report,lazytown-slide07-eager,cold,9,True,1386.89,18.59,1405.48,1406.0,512.0,137.0,2554.57,200
1789757066,slide07-eager-report,lazytown-slide07-eager,cold,10,True,1846.55,19.6,1866.1499999999999,1867.0,512.0,137.0,3172.282,200
1789757076,slide07-eager-report,lazytown-slide07-eager,cold,11,True,1751.43,13.27,1764.7,1765.0,512.0,137.0,2970.31,200
1789757087,slide07-eager-report,lazytown-slide07-eager,cold,12,True,1787.89,16.85,1804.74,1805.0,512.0,137.0,2943.401,200
1789757096,slide07-eager-report,lazytown-slide07-eager,cold,13,True,1393.37,22.19,1415.56,1416.0,512.0,137.0,2552.108,200
1789757107,slide07-eager-report,lazytown-slide07-eager,cold,14,True,1850.12,17.82,1867.9399999999998,1868.0,512.0,137.0,3059.687,200
1789757117,slide07-eager-report,lazytown-slide07-eager,cold,15,True,1763.79,18.57,1782.36,1783.0,512.0,137.0,3100.313,200
1789757128,slide07-eager-report,lazytown-slide07-eager,cold,16,True,2303.77,11.3,2315.07,2316.0,512.0,137.0,3591.302,200
1789757138,slide07-eager-report,lazytown-slide07-eager,cold,17,True,1742.93,12.97,1755.9,1756.0,512.0,137.0,3070.014,200
1789757148,slide07-eager-report,lazytown-slide07-eager,cold,18,True,1845.66,17.54,1863.2,1864.0,512.0,137.0,3023.29,200
1789757158,slide07-eager-report,lazytown-slide07-eager,cold,19,True,1769.21,12.5,1781.71,1782.0,512.0,137.0,2885.938,200
1789757168,slide07-eager-report,lazytown-slide07-eager,cold,20,True,1822.41,18.08,1840.49,1841.0,512.0,137.0,3135.72,200
1789757179,slide07-eager-report,lazytown-slide07-eager,cold,21,True,2246.36,17.56,2263.92,2264.0,512.0,137.0,3473.453,200
1789757189,slide07-eager-report,lazytown-slide07-eager,cold,22,True,1748.19,20.4,1768.5900000000001,1769.0,512.0,137.0,2860.021,200
1789757199,slide07-eager-report,lazytown-slide07-eager,cold,23,True,1757.45,12.86,1770.31,1771.0,512.0,137.0,3140.795,200
1789757209,slide07-eager-report,lazytown-slide07-eager,cold,24,True,1772.15,18.36,1790.51,1791.0,512.0,137.0,2908.037,200
1789757219,slide07-eager-report,lazytown-slide07-eager,cold,25,True,1826.42,9.87,1836.29,1837.0,512.0,137.0,2925.412,200
1789757230,slide07-eager-report,lazytown-slide07-eager,cold,26,True,2272.81,17.64,2290.45,2291.0,512.0,137.0,3794.197,200
1789757240,slide07-eager-report,lazytown-slide07-eager,cold,27,True,1826.34,18.35,1844.6899999999998,1845.0,512.0,137.0,2944.564,200
1789757250,slide07-eager-report,lazytown-slide07-eager,cold,28,True,1819.94,12.14,1832.0800000000002,1833.0,512.0,137.0,2928.665,200
1789757261,slide07-eager-report,lazytown-slide07-eager,cold,29,True,1831.21,12.27,1843.48,1844.0,512.0,137.0,3232.892,200
1789757271,slide07-eager-report,lazytown-slide07-eager,cold,30,True,1741.69,12.7,1754.39,1755.0,512.0,137.0,2920.02,200
1789757272,slide07-eager-report,lazytown-slide07-eager,warm,1,False,,1.84,,2.0,512.0,137.0,915.106,200
1789757273,slide07-eager-report,lazytown-slide07-eager,warm,2,False,,1.98,,2.0,512.0,137.0,903.398,200
1789757274,slide07-eager-report,lazytown-slide07-eager,warm,3,False,,1.91,,2.0,512.0,137.0,856.532,200
1789757275,slide07-eager-report,lazytown-slide07-eager,warm,4,False,,2.05,,3.0,512.0,137.0,906.166,200
1789757276,slide07-eager-report,lazytown-slide07-eager,warm,5,False,,2.97,,3.0,512.0,137.0,866.945,200
1789757277,slide07-eager-report,lazytown-slide07-eager,warm,6,False,,1.93,,2.0,512.0,137.0,873.866,200
1789757278,slide07-eager-report,lazytown-slide07-eager,warm,7,False,,1.82,,2.0,512.0,137.0,883.209,200
1789757279,slide07-eager-report,lazytown-slide07-eager,warm,8,False,,2.02,,3.0,512.0,137.0,873.698,200
1789757280,slide07-eager-report,lazytown-slide07-eager,warm,9,False,,2.03,,3.0,512.0,137.0,874.831,200
1789757280,slide07-eager-report,lazytown-slide07-eager,warm,10,False,,2.33,,3.0,512.0,137.0,868.451,200
1789757281,slide07-eager-report,lazytown-slide07-eager,warm,11,False,,1.96,,2.0,512.0,137.0,870.701,200
1789757282,slide07-eager-report,lazytown-slide07-eager,warm,12,False,,1.91,,2.0,512.0,137.0,855.961,200
1789757283,slide07-eager-report,lazytown-slide07-eager,warm,13,False,,2.07,,3.0,512.0,137.0,882.615,200
1789757284,slide07-eager-report,lazytown-slide07-eager,warm,14,False,,2.0,,3.0,512.0,137.0,873.614,200
1789757285,slide07-eager-report,lazytown-slide07-eager,warm,15,False,,2.2,,3.0,512.0,137.0,853.12,200
1789757286,slide07-eager-report,lazytown-slide07-eager,warm,16,False,,2.0,,2.0,512.0,137.0,1070.987,200
1789757287,slide07-eager-report,lazytown-slide07-eager,warm,17,False,,1.94,,2.0,512.0,137.0,853.448,200
1789757288,slide07-eager-report,lazytown-slide07-eager,warm,18,False,,2.07,,3.0,512.0,137.0,867.538,200
1789757288,slide07-eager-report,lazytown-slide07-eager,warm,19,False,,2.03,,3.0,512.0,137.0,873.233,200
1789757289,slide07-eager-report,lazytown-slide07-eager,warm,20,False,,1.88,,2.0,512.0,137.0,851.614,200
1789757290,slide07-eager-report,lazytown-slide07-eager,warm,21,False,,1.94,,2.0,512.0,137.0,847.027,200
1789757291,slide07-eager-report,lazytown-slide07-eager,warm,22,False,,1.96,,2.0,512.0,137.0,891.009,200
1789757292,slide07-eager-report,lazytown-slide07-eager,warm,23,False,,2.02,,3.0,512.0,137.0,885.896,200
1789757293,slide07-eager-report,lazytown-slide07-eager,warm,24,False,,2.0,,3.0,512.0,137.0,873.424,200
1789757294,slide07-eager-report,lazytown-slide07-eager,warm,25,False,,2.08,,3.0,512.0,137.0,857.98,200
1789757295,slide07-eager-report,lazytown-slide07-eager,warm,26,False,,1.98,,2.0,512.0,137.0,860.191,200
1789757295,slide07-eager-report,lazytown-slide07-eager,warm,27,False,,2.05,,3.0,512.0,137.0,919.176,200
1789757296,slide07-eager-report,lazytown-slide07-eager,warm,28,False,,2.06,,3.0,512.0,137.0,857.847,200
1789757297,slide07-eager-report,lazytown-slide07-eager,warm,29,False,,1.92,,2.0,512.0,137.0,868.887,200
1789757298,slide07-eager-report,lazytown-slide07-eager,warm,30,False,,2.44,,3.0,512.0,137.0,964.617,200
1789757424,slide07-lazy-report,lazytown-slide07-lazy,cold,1,True,64.72,6974.43,7039.150000000001,7040.0,512.0,135.0,8269.286,200
1789757439,slide07-lazy-report,lazytown-slide07-lazy,cold,2,True,66.58,6732.72,6799.3,6800.0,512.0,136.0,8104.316,200
1789757453,slide07-lazy-report,lazytown-slide07-lazy,cold,3,True,47.38,5271.63,5319.01,5320.0,512.0,135.0,6483.399,200
1789757468,slide07-lazy-report,lazytown-slide07-lazy,cold,4,True,61.44,6646.11,6707.549999999999,6708.0,512.0,135.0,8018.818,200
1789757483,slide07-lazy-report,lazytown-slide07-lazy,cold,5,True,67.12,6699.55,6766.67,6767.0,512.0,135.0,8153.219,200
1789757499,slide07-lazy-report,lazytown-slide07-lazy,cold,6,True,82.57,7214.66,7297.23,7298.0,512.0,135.0,8705.904,200
1789757515,slide07-lazy-report,lazytown-slide07-lazy,cold,7,True,62.21,6816.76,6878.97,6879.0,512.0,135.0,8118.852,200
1789757530,slide07-lazy-report,lazytown-slide07-lazy,cold,8,True,67.2,6717.75,6784.95,6785.0,512.0,135.0,7921.434,200
1789757544,slide07-lazy-report,lazytown-slide07-lazy,cold,9,True,47.79,5385.89,5433.68,5434.0,512.0,135.0,6763.191,200
1789757559,slide07-lazy-report,lazytown-slide07-lazy,cold,10,True,61.3,6682.29,6743.59,6744.0,512.0,135.0,7909.243,200
1789757573,slide07-lazy-report,lazytown-slide07-lazy,cold,11,True,53.27,5320.6,5373.870000000001,5374.0,512.0,135.0,6520.221,200
1789757587,slide07-lazy-report,lazytown-slide07-lazy,cold,12,True,44.37,4985.43,5029.8,5030.0,512.0,135.0,6274.221,200
1789757597,slide07-lazy-report,lazytown-slide07-lazy,cold,13,True,64.59,6646.86,6711.45,6712.0,512.0,137.0,8012.558,200
1789757613,slide07-lazy-report,lazytown-slide07-lazy,cold,14,True,63.23,6652.92,6716.15,6717.0,512.0,135.0,7991.026,200
1789757628,slide07-lazy-report,lazytown-slide07-lazy,cold,15,True,79.28,7029.64,7108.92,7109.0,512.0,135.0,8569.736,200
1789757644,slide07-lazy-report,lazytown-slide07-lazy,cold,16,True,62.59,6739.23,6801.82,6802.0,512.0,137.0,7940.834,200
1789757654,slide07-lazy-report,lazytown-slide07-lazy,cold,17,True,63.86,6814.06,6877.92,6878.0,512.0,135.0,8044.057,200
1789757669,slide07-lazy-report,lazytown-slide07-lazy,cold,18,True,64.3,6807.18,6871.4800000000005,6872.0,512.0,135.0,8075.149,200
1789757685,slide07-lazy-report,lazytown-slide07-lazy,cold,19,True,62.6,6612.93,6675.530000000001,6676.0,512.0,135.0,8097.254,200
1789757700,slide07-lazy-report,lazytown-slide07-lazy,cold,20,True,62.91,6756.33,6819.24,6820.0,512.0,135.0,8270.953,200
1789757715,slide07-lazy-report,lazytown-slide07-lazy,cold,21,True,65.56,6678.94,6744.5,6745.0,512.0,135.0,8220.001,200
1789757731,slide07-lazy-report,lazytown-slide07-lazy,cold,22,True,78.68,7166.55,7245.2300000000005,7246.0,512.0,135.0,8420.646,200
1789757746,slide07-lazy-report,lazytown-slide07-lazy,cold,23,True,65.64,6762.52,6828.160000000001,6829.0,512.0,139.0,8260.069,200
1789757757,slide07-lazy-report,lazytown-slide07-lazy,cold,24,True,70.36,6806.9,6877.259999999999,6878.0,512.0,135.0,8226.058,200
1789757772,slide07-lazy-report,lazytown-slide07-lazy,cold,25,True,65.81,6867.24,6933.05,6934.0,512.0,135.0,8193.228,200
1789757788,slide07-lazy-report,lazytown-slide07-lazy,cold,26,True,65.96,6848.98,6914.94,6915.0,512.0,135.0,8053.367,200
1789757803,slide07-lazy-report,lazytown-slide07-lazy,cold,27,True,65.03,6843.14,6908.17,6909.0,512.0,135.0,8278.812,200
1789757818,slide07-lazy-report,lazytown-slide07-lazy,cold,28,True,80.37,7193.41,7273.78,7274.0,512.0,135.0,8485.508,200
1789757834,slide07-lazy-report,lazytown-slide07-lazy,cold,29,True,67.51,6724.62,6792.13,6793.0,512.0,135.0,8130.662,200
1789757847,slide07-lazy-report,lazytown-slide07-lazy,cold,30,True,48.51,5303.15,5351.66,5352.0,512.0,135.0,6638.625,200
1789757849,slide07-lazy-report,lazytown-slide07-lazy,warm,1,False,,1.67,,2.0,512.0,135.0,877.978,200
1789757850,slide07-lazy-report,lazytown-slide07-lazy,warm,2,False,,1.78,,2.0,512.0,135.0,886.252,200
1789757851,slide07-lazy-report,lazytown-slide07-lazy,warm,3,False,,1.72,,2.0,512.0,135.0,876.979,200
1789757852,slide07-lazy-report,lazytown-slide07-lazy,warm,4,False,,1.7,,2.0,512.0,135.0,864.897,200
1789757853,slide07-lazy-report,lazytown-slide07-lazy,warm,5,False,,1.67,,2.0,512.0,135.0,855.858,200
1789757854,slide07-lazy-report,lazytown-slide07-lazy,warm,6,False,,1.64,,2.0,512.0,135.0,853.115,200
1789757854,slide07-lazy-report,lazytown-slide07-lazy,warm,7,False,,1.73,,2.0,512.0,135.0,871.516,200
1789757855,slide07-lazy-report,lazytown-slide07-lazy,warm,8,False,,1.61,,2.0,512.0,135.0,981.335,200
1789757856,slide07-lazy-report,lazytown-slide07-lazy,warm,9,False,,2.41,,3.0,512.0,135.0,873.351,200
1789757857,slide07-lazy-report,lazytown-slide07-lazy,warm,10,False,,1.82,,2.0,512.0,135.0,1041.233,200
1789757858,slide07-lazy-report,lazytown-slide07-lazy,warm,11,False,,1.74,,2.0,512.0,135.0,869.788,200
1789757859,slide07-lazy-report,lazytown-slide07-lazy,warm,12,False,,1.78,,2.0,512.0,135.0,846.445,200
1789757860,slide07-lazy-report,lazytown-slide07-lazy,warm,13,False,,1.68,,2.0,512.0,135.0,852.989,200
1789757861,slide07-lazy-report,lazytown-slide07-lazy,warm,14,False,,1.71,,2.0,512.0,135.0,883.894,200
1789757862,slide07-lazy-report,lazytown-slide07-lazy,warm,15,False,,1.75,,2.0,512.0,135.0,864.403,200
1789757863,slide07-lazy-report,lazytown-slide07-lazy,warm,16,False,,1.66,,2.0,512.0,135.0,876.164,200
1789757863,slide07-lazy-report,lazytown-slide07-lazy,warm,17,False,,1.79,,2.0,512.0,135.0,862.084,200
1789757864,slide07-lazy-report,lazytown-slide07-lazy,warm,18,False,,1.69,,2.0,512.0,135.0,869.438,200
1789757865,slide07-lazy-report,lazytown-slide07-lazy,warm,19,False,,1.7,,2.0,512.0,135.0,874.647,200
1789757866,slide07-lazy-report,lazytown-slide07-lazy,warm,20,False,,1.65,,2.0,512.0,135.0,922.173,200
1789757867,slide07-lazy-report,lazytown-slide07-lazy,warm,21,False,,1.61,,2.0,512.0,135.0,860.888,200
1789757868,slide07-lazy-report,lazytown-slide07-lazy,warm,22,False,,1.7,,2.0,512.0,135.0,839.817,200
1789757869,slide07-lazy-report,lazytown-slide07-lazy,warm,23,False,,1.66,,2.0,512.0,135.0,855.668,200
1789757870,slide07-lazy-report,lazytown-slide07-lazy,warm,24,False,,1.81,,2.0,512.0,135.0,865.959,200
1789757870,slide07-lazy-report,lazytown-slide07-lazy,warm,25,False,,1.75,,2.0,512.0,135.0,852.26,200
1789757871,slide07-lazy-report,lazytown-slide07-lazy,warm,26,False,,1.64,,2.0,512.0,135.0,847.707,200
1789757872,slide07-lazy-report,lazytown-slide07-lazy,warm,27,False,,1.64,,2.0,512.0,135.0,874.378,200
1789757873,slide07-lazy-report,lazytown-slide07-lazy,warm,28,False,,1.6,,2.0,512.0,135.0,858.05,200
1789757874,slide07-lazy-report,lazytown-slide07-lazy,warm,29,False,,2.2,,3.0,512.0,135.0,843.295,200
1789757875,slide07-lazy-report,lazytown-slide07-lazy,warm,30,False,,1.66,,2.0,512.0,135.0,853.188,200
1789760212,slide08-128mb,lazytown-slide08-mem-128,cold,1,True,65.92,2028.5,2094.42,2095.0,128.0,40.0,3117.969,200
1789760223,slide08-128mb,lazytown-slide08-mem-128,cold,2,True,68.16,2070.58,2138.74,2139.0,128.0,40.0,3165.262,200
1789760233,slide08-128mb,lazytown-slide08-mem-128,cold,3,True,66.2,2069.2,2135.3999999999996,2136.0,128.0,40.0,3465.077,200
1789760244,slide08-128mb,lazytown-slide08-mem-128,cold,4,True,66.44,2107.41,2173.85,2174.0,128.0,40.0,3176.842,200
1789760254,slide08-128mb,lazytown-slide08-mem-128,cold,5,True,68.65,2055.16,2123.81,2124.0,128.0,40.0,3221.28,200
1789760259,slide08-128mb,lazytown-slide08-mem-128,cold,6,True,67.59,2049.54,2117.13,2118.0,128.0,40.0,3188.298,200
1789760270,slide08-128mb,lazytown-slide08-mem-128,cold,7,True,66.72,2067.93,2134.6499999999996,2135.0,128.0,40.0,3150.798,200
1789760280,slide08-128mb,lazytown-slide08-mem-128,cold,8,True,53.57,1516.7,1570.27,1571.0,128.0,40.0,2586.211,200
1789760290,slide08-128mb,lazytown-slide08-mem-128,cold,9,True,68.7,2051.46,2120.16,2121.0,128.0,40.0,3431.069,200
1789760300,slide08-128mb,lazytown-slide08-mem-128,cold,10,True,70.23,2058.59,2128.82,2129.0,128.0,40.0,3135.275,200
1789760311,slide08-128mb,lazytown-slide08-mem-128,cold,11,True,72.09,2059.36,2131.4500000000003,2132.0,128.0,40.0,3154.009,200
1789760321,slide08-128mb,lazytown-slide08-mem-128,cold,12,True,64.89,2130.33,2195.22,2196.0,128.0,40.0,3379.434,200
1789760331,slide08-128mb,lazytown-slide08-mem-128,cold,13,True,67.58,2040.16,2107.7400000000002,2108.0,128.0,40.0,3128.703,200
1789760342,slide08-128mb,lazytown-slide08-mem-128,cold,14,True,64.41,2027.68,2092.09,2093.0,128.0,40.0,3076.583,200
1789760352,slide08-128mb,lazytown-slide08-mem-128,cold,15,True,69.18,2057.25,2126.43,2127.0,128.0,40.0,3405.012,200
1789760363,slide08-128mb,lazytown-slide08-mem-128,cold,16,True,71.6,2094.72,2166.3199999999997,2167.0,128.0,40.0,3164.749,200
1789760373,slide08-128mb,lazytown-slide08-mem-128,cold,17,True,70.44,2055.62,2126.06,2127.0,128.0,40.0,3113.572,200
1789760383,slide08-128mb,lazytown-slide08-mem-128,cold,18,True,70.81,2060.84,2131.65,2132.0,128.0,41.0,3480.663,200
1789760394,slide08-128mb,lazytown-slide08-mem-128,cold,19,True,64.7,2054.54,2119.24,2120.0,128.0,41.0,3132.155,200
1789760404,slide08-128mb,lazytown-slide08-mem-128,cold,20,True,72.57,2094.86,2167.4300000000003,2168.0,128.0,40.0,3174.634,200
1789760409,slide08-128mb,lazytown-slide08-mem-128,cold,21,True,65.9,2063.28,2129.1800000000003,2130.0,128.0,40.0,3109.735,200
1789760420,slide08-128mb,lazytown-slide08-mem-128,cold,22,True,84.01,2454.81,2538.82,2539.0,128.0,41.0,3566.5,200
1789760430,slide08-128mb,lazytown-slide08-mem-128,cold,23,True,49.31,1510.85,1560.1599999999999,1561.0,128.0,40.0,2526.683,200
1789760440,slide08-128mb,lazytown-slide08-mem-128,cold,24,True,72.81,2069.89,2142.7,2143.0,128.0,40.0,3325.994,200
1789760450,slide08-128mb,lazytown-slide08-mem-128,cold,25,True,71.13,2054.11,2125.2400000000002,2126.0,128.0,40.0,3101.395,200
1789760461,slide08-128mb,lazytown-slide08-mem-128,cold,26,True,73.26,2069.29,2142.55,2143.0,128.0,40.0,3117.618,200
1789760471,slide08-128mb,lazytown-slide08-mem-128,cold,27,True,67.62,2048.84,2116.46,2117.0,128.0,40.0,3297.911,200
1789760481,slide08-128mb,lazytown-slide08-mem-128,cold,28,True,69.81,2049.98,2119.79,2120.0,128.0,40.0,3207.914,200
1789760492,slide08-128mb,lazytown-slide08-mem-128,cold,29,True,73.05,2060.25,2133.3,2134.0,128.0,40.0,3285.649,200
1789760502,slide08-128mb,lazytown-slide08-mem-128,cold,30,True,70.48,2068.12,2138.6,2139.0,128.0,41.0,3423.264,200
1789760508,slide08-128mb,lazytown-slide08-mem-128,warm,1,False,,2083.42,,2084.0,128.0,41.0,2979.789,200
1789760511,slide08-128mb,lazytown-slide08-mem-128,warm,2,False,,2126.65,,2127.0,128.0,41.0,3015.494,200
1789760514,slide08-128mb,lazytown-slide08-mem-128,warm,3,False,,2042.16,,2043.0,128.0,41.0,2917.737,200
1789760517,slide08-128mb,lazytown-slide08-mem-128,warm,4,False,,2056.45,,2057.0,128.0,41.0,2935.071,200
1789760520,slide08-128mb,lazytown-slide08-mem-128,warm,5,False,,2073.0,,2074.0,128.0,41.0,2935.42,200
1789760523,slide08-128mb,lazytown-slide08-mem-128,warm,6,False,,2065.56,,2066.0,128.0,41.0,2949.031,200
1789760526,slide08-128mb,lazytown-slide08-mem-128,warm,7,False,,2072.37,,2073.0,128.0,41.0,2939.686,200
1789760529,slide08-128mb,lazytown-slide08-mem-128,warm,8,False,,2083.27,,2084.0,128.0,41.0,3256.373,200
1789760532,slide08-128mb,lazytown-slide08-mem-128,warm,9,False,,2093.81,,2094.0,128.0,41.0,2951.067,200
1789760535,slide08-128mb,lazytown-slide08-mem-128,warm,10,False,,2051.85,,2052.0,128.0,41.0,2979.025,200
1789760538,slide08-128mb,lazytown-slide08-mem-128,warm,11,False,,2113.75,,2114.0,128.0,41.0,2994.034,200
1789760541,slide08-128mb,lazytown-slide08-mem-128,warm,12,False,,2058.9,,2059.0,128.0,41.0,2926.739,200
1789760544,slide08-128mb,lazytown-slide08-mem-128,warm,13,False,,2096.44,,2097.0,128.0,41.0,3025.07,200
1789760547,slide08-128mb,lazytown-slide08-mem-128,warm,14,False,,2082.98,,2083.0,128.0,41.0,2937.269,200
1789760550,slide08-128mb,lazytown-slide08-mem-128,warm,15,False,,2089.22,,2090.0,128.0,41.0,2981.549,200
1789760553,slide08-128mb,lazytown-slide08-mem-128,warm,16,False,,2064.07,,2065.0,128.0,41.0,2928.174,200
1789760556,slide08-128mb,lazytown-slide08-mem-128,warm,17,False,,2072.92,,2073.0,128.0,41.0,2957.343,200
1789760559,slide08-128mb,lazytown-slide08-mem-128,warm,18,False,,2063.41,,2064.0,128.0,41.0,3224.534,200
1789760562,slide08-128mb,lazytown-slide08-mem-128,warm,19,False,,2075.75,,2076.0,128.0,41.0,2942.596,200
1789760565,slide08-128mb,lazytown-slide08-mem-128,warm,20,False,,2063.78,,2064.0,128.0,41.0,2943.325,200
1789760568,slide08-128mb,lazytown-slide08-mem-128,warm,21,False,,2070.75,,2071.0,128.0,41.0,2974.016,200
1789760571,slide08-128mb,lazytown-slide08-mem-128,warm,22,False,,2043.46,,2044.0,128.0,41.0,2890.041,200
1789760574,slide08-128mb,lazytown-slide08-mem-128,warm,23,False,,2273.98,,2274.0,128.0,41.0,3149.377,200
1789760577,slide08-128mb,lazytown-slide08-mem-128,warm,24,False,,2296.11,,2297.0,128.0,41.0,3162.658,200
1789760581,slide08-128mb,lazytown-slide08-mem-128,warm,25,False,,2444.83,,2445.0,128.0,41.0,3324.374,200
1789760584,slide08-128mb,lazytown-slide08-mem-128,warm,26,False,,2296.26,,2297.0,128.0,41.0,3159.11,200
1789760587,slide08-128mb,lazytown-slide08-mem-128,warm,27,False,,2237.19,,2238.0,128.0,41.0,3105.302,200
1789760590,slide08-128mb,lazytown-slide08-mem-128,warm,28,False,,2253.55,,2254.0,128.0,41.0,3296.008,200
1789760593,slide08-128mb,lazytown-slide08-mem-128,warm,29,False,,2080.5,,2081.0,128.0,41.0,2975.608,200
1789760596,slide08-128mb,lazytown-slide08-mem-128,warm,30,False,,2242.64,,2243.0,128.0,41.0,3129.516,200
1789760638,slide08-512mb,lazytown-slide08-mem-512,cold,1,True,105.55,510.62,616.17,617.0,512.0,40.0,1596.971,200
1789760647,slide08-512mb,lazytown-slide08-mem-512,cold,2,True,67.76,499.17,566.9300000000001,567.0,512.0,40.0,1724.519,200
1789760656,slide08-512mb,lazytown-slide08-mem-512,cold,3,True,68.12,503.38,571.5,572.0,512.0,40.0,1595.086,200
1789760665,slide08-512mb,lazytown-slide08-mem-512,cold,4,True,67.72,508.51,576.23,577.0,512.0,40.0,1598.503,200
1789760673,slide08-512mb,lazytown-slide08-mem-512,cold,5,True,65.97,512.74,578.71,579.0,512.0,40.0,1593.29,200
1789760677,slide08-512mb,lazytown-slide08-mem-512,cold,6,True,84.71,618.5,703.21,704.0,512.0,40.0,1747.915,200
1789760686,slide08-512mb,lazytown-slide08-mem-512,cold,7,True,69.14,509.1,578.24,579.0,512.0,41.0,1684.51,200
1789760690,slide08-512mb,lazytown-slide08-mem-512,cold,8,True,73.14,517.25,590.39,591.0,512.0,40.0,1653.749,200
1789760699,slide08-512mb,lazytown-slide08-mem-512,cold,9,True,69.53,498.02,567.55,568.0,512.0,40.0,1588.08,200
1789760708,slide08-512mb,lazytown-slide08-mem-512,cold,10,True,108.48,620.2,728.6800000000001,729.0,512.0,40.0,2028.004,200
1789760717,slide08-512mb,lazytown-slide08-mem-512,cold,11,True,98.92,508.78,607.6999999999999,608.0,512.0,41.0,1746.317,200
1789760726,slide08-512mb,lazytown-slide08-mem-512,cold,12,True,88.57,625.49,714.06,715.0,512.0,40.0,1715.225,200
1789760735,slide08-512mb,lazytown-slide08-mem-512,cold,13,True,69.07,501.49,570.56,571.0,512.0,40.0,1645.509,200
1789760744,slide08-512mb,lazytown-slide08-mem-512,cold,14,True,56.19,376.05,432.24,433.0,512.0,41.0,1461.415,200
1789760753,slide08-512mb,lazytown-slide08-mem-512,cold,15,True,72.69,500.05,572.74,573.0,512.0,41.0,1597.616,200
1789760761,slide08-512mb,lazytown-slide08-mem-512,cold,16,True,69.67,511.24,580.91,581.0,512.0,41.0,1602.332,200
1789760771,slide08-512mb,lazytown-slide08-mem-512,cold,17,True,69.23,522.89,592.12,593.0,512.0,40.0,1926.778,200
1789760779,slide08-512mb,lazytown-slide08-mem-512,cold,18,True,66.66,513.06,579.7199999999999,580.0,512.0,40.0,1563.517,200
1789760788,slide08-512mb,lazytown-slide08-mem-512,cold,19,True,70.18,517.89,588.0699999999999,589.0,512.0,41.0,1557.67,200
1789760797,slide08-512mb,lazytown-slide08-mem-512,cold,20,True,72.84,517.65,590.49,591.0,512.0,40.0,1957.726,200
1789760806,slide08-512mb,lazytown-slide08-mem-512,cold,21,True,52.15,352.05,404.2,405.0,512.0,40.0,1384.76,200
1789760815,slide08-512mb,lazytown-slide08-mem-512,cold,22,True,70.36,488.71,559.0699999999999,560.0,512.0,40.0,1702.562,200
1789760824,slide08-512mb,lazytown-slide08-mem-512,cold,23,True,69.0,507.86,576.86,577.0,512.0,40.0,1643.955,200
1789760828,slide08-512mb,lazytown-slide08-mem-512,cold,24,True,70.93,488.48,559.4100000000001,560.0,512.0,41.0,1656.973,200
1789760837,slide08-512mb,lazytown-slide08-mem-512,cold,25,True,69.73,520.91,590.64,591.0,512.0,41.0,1599.854,200
1789760846,slide08-512mb,lazytown-slide08-mem-512,cold,26,True,71.86,516.83,588.69,589.0,512.0,41.0,1666.761,200
1789760854,slide08-512mb,lazytown-slide08-mem-512,cold,27,True,66.98,498.8,565.78,566.0,512.0,40.0,1514.906,200
1789760858,slide08-512mb,lazytown-slide08-mem-512,cold,28,True,68.37,502.81,571.1800000000001,572.0,512.0,40.0,1514.01,200
1789760867,slide08-512mb,lazytown-slide08-mem-512,cold,29,True,68.96,498.77,567.73,568.0,512.0,41.0,1527.981,200
1789760875,slide08-512mb,lazytown-slide08-mem-512,cold,30,True,78.53,498.18,576.71,577.0,512.0,41.0,1566.206,200
1789760878,slide08-512mb,lazytown-slide08-mem-512,warm,1,False,,524.17,,525.0,512.0,41.0,1430.659,200
1789760880,slide08-512mb,lazytown-slide08-mem-512,warm,2,False,,532.75,,533.0,512.0,41.0,1394.682,200
1789760881,slide08-512mb,lazytown-slide08-mem-512,warm,3,False,,501.85,,502.0,512.0,41.0,1376.65,200
1789760882,slide08-512mb,lazytown-slide08-mem-512,warm,4,False,,526.7,,527.0,512.0,41.0,1370.7,200
1789760884,slide08-512mb,lazytown-slide08-mem-512,warm,5,False,,497.3,,498.0,512.0,41.0,1341.969,200
1789760885,slide08-512mb,lazytown-slide08-mem-512,warm,6,False,,498.3,,499.0,512.0,41.0,1375.295,200
1789760887,slide08-512mb,lazytown-slide08-mem-512,warm,7,False,,513.78,,514.0,512.0,41.0,1614.259,200
1789760888,slide08-512mb,lazytown-slide08-mem-512,warm,8,False,,501.8,,502.0,512.0,41.0,1380.045,200
1789760889,slide08-512mb,lazytown-slide08-mem-512,warm,9,False,,498.19,,499.0,512.0,41.0,1346.838,200
1789760891,slide08-512mb,lazytown-slide08-mem-512,warm,10,False,,511.88,,512.0,512.0,41.0,1370.656,200
1789760892,slide08-512mb,lazytown-slide08-mem-512,warm,11,False,,503.45,,504.0,512.0,41.0,1360.84,200
1789760894,slide08-512mb,lazytown-slide08-mem-512,warm,12,False,,504.66,,505.0,512.0,41.0,1374.503,200
1789760895,slide08-512mb,lazytown-slide08-mem-512,warm,13,False,,502.08,,503.0,512.0,41.0,1356.401,200
1789760896,slide08-512mb,lazytown-slide08-mem-512,warm,14,False,,512.2,,513.0,512.0,41.0,1410.644,200
1789760898,slide08-512mb,lazytown-slide08-mem-512,warm,15,False,,502.07,,503.0,512.0,41.0,1386.54,200
1789760899,slide08-512mb,lazytown-slide08-mem-512,warm,16,False,,508.55,,509.0,512.0,41.0,1357.875,200
1789760900,slide08-512mb,lazytown-slide08-mem-512,warm,17,False,,491.12,,492.0,512.0,41.0,1348.507,200
1789760902,slide08-512mb,lazytown-slide08-mem-512,warm,18,False,,509.0,,510.0,512.0,41.0,1345.844,200
1789760903,slide08-512mb,lazytown-slide08-mem-512,warm,19,False,,522.54,,523.0,512.0,41.0,1385.276,200
1789760905,slide08-512mb,lazytown-slide08-mem-512,warm,20,False,,508.7,,509.0,512.0,41.0,1364.535,200
1789760906,slide08-512mb,lazytown-slide08-mem-512,warm,21,False,,497.56,,498.0,512.0,41.0,1383.757,200
1789760907,slide08-512mb,lazytown-slide08-mem-512,warm,22,False,,499.81,,500.0,512.0,41.0,1410.958,200
1789760909,slide08-512mb,lazytown-slide08-mem-512,warm,23,False,,570.81,,571.0,512.0,41.0,1467.44,200
1789760910,slide08-512mb,lazytown-slide08-mem-512,warm,24,False,,555.89,,556.0,512.0,41.0,1440.101,200
1789760912,slide08-512mb,lazytown-slide08-mem-512,warm,25,False,,603.21,,604.0,512.0,41.0,1469.603,200
1789760913,slide08-512mb,lazytown-slide08-mem-512,warm,26,False,,498.73,,499.0,512.0,41.0,1372.353,200
1789760915,slide08-512mb,lazytown-slide08-mem-512,warm,27,False,,553.48,,554.0,512.0,41.0,1447.542,200
1789760916,slide08-512mb,lazytown-slide08-mem-512,warm,28,False,,542.72,,543.0,512.0,41.0,1629.82,200
1789760918,slide08-512mb,lazytown-slide08-mem-512,warm,29,False,,508.61,,509.0,512.0,41.0,1365.654,200
1789760919,slide08-512mb,lazytown-slide08-mem-512,warm,30,False,,499.97,,500.0,512.0,41.0,1336.139,200
1789760968,slide08-1024mb,lazytown-slide08-mem-1024,cold,1,True,69.32,247.13,316.45,317.0,1024.0,40.0,1300.412,200
1789760976,slide08-1024mb,lazytown-slide08-mem-1024,cold,2,True,52.32,180.48,232.79999999999998,233.0,1024.0,40.0,1545.454,200
1789760985,slide08-1024mb,lazytown-slide08-mem-1024,cold,3,True,69.76,257.54,327.3,328.0,1024.0,40.0,1257.889,200
1789760993,slide08-1024mb,lazytown-slide08-mem-1024,cold,4,True,53.02,180.49,233.51000000000002,234.0,1024.0,40.0,1213.023,200
1789761001,slide08-1024mb,lazytown-slide08-mem-1024,cold,5,True,71.69,248.99,320.68,321.0,1024.0,41.0,1288.224,200
1789761010,slide08-1024mb,lazytown-slide08-mem-1024,cold,6,True,73.33,250.81,324.14,325.0,1024.0,40.0,1510.268,200
1789761019,slide08-1024mb,lazytown-slide08-mem-1024,cold,7,True,71.43,248.67,320.1,321.0,1024.0,40.0,1335.475,200
1789761027,slide08-1024mb,lazytown-slide08-mem-1024,cold,8,True,68.55,249.04,317.59,318.0,1024.0,40.0,1357.159,200
1789761035,slide08-1024mb,lazytown-slide08-mem-1024,cold,9,True,70.29,258.3,328.59000000000003,329.0,1024.0,41.0,1292.311,200
1789761044,slide08-1024mb,lazytown-slide08-mem-1024,cold,10,True,75.79,271.24,347.03000000000003,348.0,1024.0,40.0,1307.678,200
1789761053,slide08-1024mb,lazytown-slide08-mem-1024,cold,11,True,71.1,247.12,318.22,319.0,1024.0,40.0,1358.915,200
1789761061,slide08-1024mb,lazytown-slide08-mem-1024,cold,12,True,52.71,169.94,222.65,223.0,1024.0,40.0,1172.794,200
1789761069,slide08-1024mb,lazytown-slide08-mem-1024,cold,13,True,51.76,179.82,231.57999999999998,232.0,1024.0,40.0,1495.241,200
1789761078,slide08-1024mb,lazytown-slide08-mem-1024,cold,14,True,71.91,257.98,329.89,330.0,1024.0,41.0,1297.211,200
1789761086,slide08-1024mb,lazytown-slide08-mem-1024,cold,15,True,66.06,247.62,313.68,314.0,1024.0,40.0,1306.45,200
1789761095,slide08-1024mb,lazytown-slide08-mem-1024,cold,16,True,51.91,170.48,222.39,223.0,1024.0,40.0,1178.082,200
1789761098,slide08-1024mb,lazytown-slide08-mem-1024,cold,17,True,71.49,250.65,322.14,323.0,1024.0,41.0,1379.446,200
1789761107,slide08-1024mb,lazytown-slide08-mem-1024,cold,18,True,69.52,239.76,309.28,310.0,1024.0,40.0,1457.524,200
1789761115,slide08-1024mb,lazytown-slide08-mem-1024,cold,19,True,48.28,169.62,217.9,218.0,1024.0,40.0,1235.751,200
1789761124,slide08-1024mb,lazytown-slide08-mem-1024,cold,20,True,92.93,319.16,412.09000000000003,413.0,1024.0,40.0,1585.279,200
1789761127,slide08-1024mb,lazytown-slide08-mem-1024,cold,21,True,72.11,257.71,329.82,330.0,1024.0,41.0,1296.575,200
1789761136,slide08-1024mb,lazytown-slide08-mem-1024,cold,22,True,71.44,257.95,329.39,330.0,1024.0,41.0,1534.637,200
1789761145,slide08-1024mb,lazytown-slide08-mem-1024,cold,23,True,70.02,262.36,332.38,333.0,1024.0,40.0,1284.685,200
1789761153,slide08-1024mb,lazytown-slide08-mem-1024,cold,24,True,71.38,258.21,329.59,330.0,1024.0,40.0,1268.982,200
1789761162,slide08-1024mb,lazytown-slide08-mem-1024,cold,25,True,72.53,261.52,334.04999999999995,335.0,1024.0,41.0,1731.909,200
1789761171,slide08-1024mb,lazytown-slide08-mem-1024,cold,26,True,86.05,304.2,390.25,391.0,1024.0,40.0,1385.27,200
1789761179,slide08-1024mb,lazytown-slide08-mem-1024,cold,27,True,54.62,169.85,224.47,225.0,1024.0,40.0,1201.965,200
1789761187,slide08-1024mb,lazytown-slide08-mem-1024,cold,28,True,70.46,258.3,328.76,329.0,1024.0,41.0,1494.928,200
1789761196,slide08-1024mb,lazytown-slide08-mem-1024,cold,29,True,70.17,248.96,319.13,320.0,1024.0,40.0,1338.667,200
1789761204,slide08-1024mb,lazytown-slide08-mem-1024,cold,30,True,73.14,250.52,323.66,324.0,1024.0,41.0,1281.072,200
1789761207,slide08-1024mb,lazytown-slide08-mem-1024,warm,1,False,,248.68,,249.0,1024.0,41.0,1096.06,200
1789761208,slide08-1024mb,lazytown-slide08-mem-1024,warm,2,False,,248.32,,249.0,1024.0,41.0,1129.717,200
1789761209,slide08-1024mb,lazytown-slide08-mem-1024,warm,3,False,,258.28,,259.0,1024.0,41.0,1146.811,200
1789761210,slide08-1024mb,lazytown-slide08-mem-1024,warm,4,False,,254.96,,255.0,1024.0,41.0,1105.229,200
1789761211,slide08-1024mb,lazytown-slide08-mem-1024,warm,5,False,,248.22,,249.0,1024.0,41.0,1115.826,200
1789761212,slide08-1024mb,lazytown-slide08-mem-1024,warm,6,False,,264.43,,265.0,1024.0,41.0,1113.388,200
1789761213,slide08-1024mb,lazytown-slide08-mem-1024,warm,7,False,,249.52,,250.0,1024.0,41.0,1095.485,200
1789761214,slide08-1024mb,lazytown-slide08-mem-1024,warm,8,False,,271.25,,272.0,1024.0,41.0,1116.837,200
1789761215,slide08-1024mb,lazytown-slide08-mem-1024,warm,9,False,,263.26,,264.0,1024.0,41.0,1116.361,200
1789761217,slide08-1024mb,lazytown-slide08-mem-1024,warm,10,False,,267.29,,268.0,1024.0,41.0,1313.237,200
1789761218,slide08-1024mb,lazytown-slide08-mem-1024,warm,11,False,,257.62,,258.0,1024.0,41.0,1107.316,200
1789761219,slide08-1024mb,lazytown-slide08-mem-1024,warm,12,False,,247.82,,248.0,1024.0,41.0,1103.047,200
1789761220,slide08-1024mb,lazytown-slide08-mem-1024,warm,13,False,,250.13,,251.0,1024.0,41.0,1104.268,200
1789761221,slide08-1024mb,lazytown-slide08-mem-1024,warm,14,False,,247.8,,248.0,1024.0,41.0,1117.964,200
1789761222,slide08-1024mb,lazytown-slide08-mem-1024,warm,15,False,,238.08,,239.0,1024.0,41.0,1088.096,200
1789761223,slide08-1024mb,lazytown-slide08-mem-1024,warm,16,False,,247.82,,248.0,1024.0,41.0,1089.486,200
1789761225,slide08-1024mb,lazytown-slide08-mem-1024,warm,17,False,,247.59,,248.0,1024.0,41.0,1103.727,200
1789761226,slide08-1024mb,lazytown-slide08-mem-1024,warm,18,False,,258.22,,259.0,1024.0,41.0,1116.565,200
1789761227,slide08-1024mb,lazytown-slide08-mem-1024,warm,19,False,,258.62,,259.0,1024.0,41.0,1130.525,200
1789761228,slide08-1024mb,lazytown-slide08-mem-1024,warm,20,False,,248.42,,249.0,1024.0,41.0,1095.332,200
1789761229,slide08-1024mb,lazytown-slide08-mem-1024,warm,21,False,,257.63,,258.0,1024.0,41.0,1100.149,200
1789761230,slide08-1024mb,lazytown-slide08-mem-1024,warm,22,False,,238.63,,239.0,1024.0,41.0,1109.784,200
1789761231,slide08-1024mb,lazytown-slide08-mem-1024,warm,23,False,,290.8,,291.0,1024.0,41.0,1152.45,200
1789761232,slide08-1024mb,lazytown-slide08-mem-1024,warm,24,False,,280.5,,281.0,1024.0,41.0,1133.922,200
1789761234,slide08-1024mb,lazytown-slide08-mem-1024,warm,25,False,,299.31,,300.0,1024.0,41.0,1215.298,200
1789761235,slide08-1024mb,lazytown-slide08-mem-1024,warm,26,False,,247.1,,248.0,1024.0,41.0,1211.264,200
1789761236,slide08-1024mb,lazytown-slide08-mem-1024,warm,27,False,,284.55,,285.0,1024.0,41.0,1191.32,200
1789761237,slide08-1024mb,lazytown-slide08-mem-1024,warm,28,False,,278.95,,279.0,1024.0,41.0,1136.767,200
1789761238,slide08-1024mb,lazytown-slide08-mem-1024,warm,29,False,,248.31,,249.0,1024.0,41.0,1128.447,200
1789761240,slide08-1024mb,lazytown-slide08-mem-1024,warm,30,False,,259.74,,260.0,1024.0,41.0,1162.912,200
1789761462,slide08-1769mb,lazytown-slide08-mem-1769,cold,1,True,72.26,171.69,243.95,244.0,1769.0,40.0,1426.197,200
1789761470,slide08-1769mb,lazytown-slide08-mem-1769,cold,2,True,54.91,110.11,165.01999999999998,166.0,1769.0,41.0,1253.261,200
1789761479,slide08-1769mb,lazytown-slide08-mem-1769,cold,3,True,51.16,126.56,177.72,178.0,1769.0,41.0,1264.366,200
1789761487,slide08-1769mb,lazytown-slide08-mem-1769,cold,4,True,52.96,110.1,163.06,164.0,1769.0,41.0,1429.756,200
1789761496,slide08-1769mb,lazytown-slide08-mem-1769,cold,5,True,53.22,109.6,162.82,163.0,1769.0,40.0,1240.147,200
1789761504,slide08-1769mb,lazytown-slide08-mem-1769,cold,6,True,90.31,181.37,271.68,272.0,1769.0,40.0,1300.517,200
1789761513,slide08-1769mb,lazytown-slide08-mem-1769,cold,7,True,66.86,173.84,240.7,241.0,1769.0,41.0,1285.397,200
1789761522,slide08-1769mb,lazytown-slide08-mem-1769,cold,8,True,69.41,166.91,236.32,237.0,1769.0,40.0,1891.822,200
1789761530,slide08-1769mb,lazytown-slide08-mem-1769,cold,9,True,70.75,176.84,247.59,248.0,1769.0,40.0,1228.58,200
1789761539,slide08-1769mb,lazytown-slide08-mem-1769,cold,10,True,71.77,168.39,240.15999999999997,241.0,1769.0,40.0,1223.728,200
1789761563,slide08-1769mb,lazytown-slide08-mem-1769,cold,11,True,49.96,120.7,170.66,171.0,1769.0,41.0,16940.163,200
1789761571,slide08-1769mb,lazytown-slide08-mem-1769,cold,12,True,68.72,167.98,236.7,237.0,1769.0,41.0,1254.175,200
1789761580,slide08-1769mb,lazytown-slide08-mem-1769,cold,13,True,69.43,166.75,236.18,237.0,1769.0,40.0,1459.131,200
1789761588,slide08-1769mb,lazytown-slide08-mem-1769,cold,14,True,66.48,170.05,236.53000000000003,237.0,1769.0,41.0,1224.667,200
1789761597,slide08-1769mb,lazytown-slide08-mem-1769,cold,15,True,65.12,168.74,233.86,234.0,1769.0,40.0,1245.127,200
1789761605,slide08-1769mb,lazytown-slide08-mem-1769,cold,16,True,92.8,182.72,275.52,276.0,1769.0,40.0,1298.388,200
1789761614,slide08-1769mb,lazytown-slide08-mem-1769,cold,17,True,70.56,173.63,244.19,245.0,1769.0,40.0,1237.256,200
1789761622,slide08-1769mb,lazytown-slide08-mem-1769,cold,18,True,53.17,100.13,153.3,154.0,1769.0,40.0,1109.155,200
1789761630,slide08-1769mb,lazytown-slide08-mem-1769,cold,19,True,53.39,109.69,163.07999999999998,164.0,1769.0,40.0,1122.58,200
1789761639,slide08-1769mb,lazytown-slide08-mem-1769,cold,20,True,49.29,105.08,154.37,155.0,1769.0,41.0,1380.766,200
1789761647,slide08-1769mb,lazytown-slide08-mem-1769,cold,21,True,71.66,173.59,245.25,246.0,1769.0,41.0,1229.997,200
1789761655,slide08-1769mb,lazytown-slide08-mem-1769,cold,22,True,52.05,119.5,171.55,172.0,1769.0,41.0,1108.591,200
1789761663,slide08-1769mb,lazytown-slide08-mem-1769,cold,23,True,67.52,169.49,237.01,238.0,1769.0,40.0,1234.553,200
1789761672,slide08-1769mb,lazytown-slide08-mem-1769,cold,24,True,54.68,114.82,169.5,170.0,1769.0,40.0,1347.199,200
1789761680,slide08-1769mb,lazytown-slide08-mem-1769,cold,25,True,72.07,167.61,239.68,240.0,1769.0,40.0,1174.929,200
1789761689,slide08-1769mb,lazytown-slide08-mem-1769,cold,26,True,72.73,150.96,223.69,224.0,1769.0,40.0,1196.335,200
1789761697,slide08-1769mb,lazytown-slide08-mem-1769,cold,27,True,86.91,190.13,277.03999999999996,278.0,1769.0,40.0,1478.619,200
1789761705,slide08-1769mb,lazytown-slide08-mem-1769,cold,28,True,70.78,173.06,243.84,244.0,1769.0,40.0,1209.165,200
1789761714,slide08-1769mb,lazytown-slide08-mem-1769,cold,29,True,72.75,166.92,239.67,240.0,1769.0,40.0,1232.082,200
1789761722,slide08-1769mb,lazytown-slide08-mem-1769,cold,30,True,85.25,167.8,253.05,254.0,1769.0,41.0,1248.27,200
1789761724,slide08-1769mb,lazytown-slide08-mem-1769,warm,1,False,,171.84,,172.0,1769.0,41.0,1022.291,200
1789761725,slide08-1769mb,lazytown-slide08-mem-1769,warm,2,False,,166.93,,167.0,1769.0,41.0,1116.297,200
1789761727,slide08-1769mb,lazytown-slide08-mem-1769,warm,3,False,,165.79,,166.0,1769.0,41.0,1228.879,200
1789761728,slide08-1769mb,lazytown-slide08-mem-1769,warm,4,False,,167.7,,168.0,1769.0,41.0,1008.452,200
1789761729,slide08-1769mb,lazytown-slide08-mem-1769,warm,5,False,,137.35,,138.0,1769.0,41.0,1009.946,200
1789761730,slide08-1769mb,lazytown-slide08-mem-1769,warm,6,False,,167.58,,168.0,1769.0,41.0,1014.174,200
1789761731,slide08-1769mb,lazytown-slide08-mem-1769,warm,7,False,,168.23,,169.0,1769.0,41.0,1075.488,200
1789761732,slide08-1769mb,lazytown-slide08-mem-1769,warm,8,False,,168.24,,169.0,1769.0,41.0,1070.467,200
1789761733,slide08-1769mb,lazytown-slide08-mem-1769,warm,9,False,,167.07,,168.0,1769.0,41.0,1053.289,200
1789761734,slide08-1769mb,lazytown-slide08-mem-1769,warm,10,False,,166.92,,167.0,1769.0,41.0,1037.67,200
1789761735,slide08-1769mb,lazytown-slide08-mem-1769,warm,11,False,,147.66,,148.0,1769.0,41.0,1014.949,200
1789761736,slide08-1769mb,lazytown-slide08-mem-1769,warm,12,False,,165.73,,166.0,1769.0,41.0,1044.062,200
1789761737,slide08-1769mb,lazytown-slide08-mem-1769,warm,13,False,,167.2,,168.0,1769.0,41.0,1051.02,200
1789761738,slide08-1769mb,lazytown-slide08-mem-1769,warm,14,False,,169.67,,170.0,1769.0,41.0,1023.71,200
1789761739,slide08-1769mb,lazytown-slide08-mem-1769,warm,15,False,,166.89,,167.0,1769.0,41.0,1035.484,200
1789761740,slide08-1769mb,lazytown-slide08-mem-1769,warm,16,False,,165.52,,166.0,1769.0,41.0,1037.103,200
1789761741,slide08-1769mb,lazytown-slide08-mem-1769,warm,17,False,,166.09,,167.0,1769.0,41.0,1049.448,200
1789761742,slide08-1769mb,lazytown-slide08-mem-1769,warm,18,False,,139.42,,140.0,1769.0,41.0,991.35,200
1789761743,slide08-1769mb,lazytown-slide08-mem-1769,warm,19,False,,167.0,,167.0,1769.0,41.0,1009.404,200
1789761744,slide08-1769mb,lazytown-slide08-mem-1769,warm,20,False,,137.99,,138.0,1769.0,41.0,987.37,200
1789761745,slide08-1769mb,lazytown-slide08-mem-1769,warm,21,False,,167.28,,168.0,1769.0,41.0,1052.784,200
1789761746,slide08-1769mb,lazytown-slide08-mem-1769,warm,22,False,,166.96,,167.0,1769.0,41.0,1061.222,200
1789761747,slide08-1769mb,lazytown-slide08-mem-1769,warm,23,False,,177.41,,178.0,1769.0,41.0,1003.77,200
1789761748,slide08-1769mb,lazytown-slide08-mem-1769,warm,24,False,,177.63,,178.0,1769.0,41.0,1053.168,200
1789761749,slide08-1769mb,lazytown-slide08-mem-1769,warm,25,False,,198.14,,199.0,1769.0,41.0,1102.996,200
1789761751,slide08-1769mb,lazytown-slide08-mem-1769,warm,26,False,,168.88,,169.0,1769.0,41.0,1068.882,200
1789761752,slide08-1769mb,lazytown-slide08-mem-1769,warm,27,False,,178.03,,179.0,1769.0,41.0,1039.794,200
1789761753,slide08-1769mb,lazytown-slide08-mem-1769,warm,28,False,,180.49,,181.0,1769.0,41.0,1040.852,200
1789761754,slide08-1769mb,lazytown-slide08-mem-1769,warm,29,False,,166.3,,167.0,1769.0,41.0,1024.119,200
1789761755,slide08-1769mb,lazytown-slide08-mem-1769,warm,30,False,,166.06,,167.0,1769.0,41.0,1008.544,200
1789764700,slide09-fat,lazytown-slide09-fat,cold,1,True,66.5,1.94,68.44,69.0,512.0,35.0,1548.823,200
1789764709,slide09-fat,lazytown-slide09-fat,cold,2,True,63.79,1.83,65.62,66.0,512.0,35.0,1210.573,200
1789764717,slide09-fat,lazytown-slide09-fat,cold,3,True,65.87,1.85,67.72,68.0,512.0,35.0,1269.622,200
1789764726,slide09-fat,lazytown-slide09-fat,cold,4,True,46.95,1.4,48.35,49.0,512.0,35.0,1242.413,200
1789764734,slide09-fat,lazytown-slide09-fat,cold,5,True,65.44,2.97,68.41,69.0,512.0,35.0,1260.104,200
1789764743,slide09-fat,lazytown-slide09-fat,cold,6,True,62.46,1.94,64.4,65.0,512.0,35.0,1263.435,200
1789764751,slide09-fat,lazytown-slide09-fat,cold,7,True,45.62,1.37,46.989999999999995,47.0,512.0,35.0,1168.433,200
1789764760,slide09-fat,lazytown-slide09-fat,cold,8,True,64.0,1.9,65.9,66.0,512.0,35.0,1557.063,200
1789764768,slide09-fat,lazytown-slide09-fat,cold,9,True,61.53,1.76,63.29,64.0,512.0,35.0,1338.724,200
1789764776,slide09-fat,lazytown-slide09-fat,cold,10,True,63.75,1.75,65.5,66.0,512.0,35.0,1225.716,200
1789764785,slide09-fat,lazytown-slide09-fat,cold,11,True,70.44,2.14,72.58,73.0,512.0,35.0,1242.791,200
1789764788,slide09-fat,lazytown-slide09-fat,cold,12,True,65.36,2.22,67.58,68.0,512.0,35.0,1163.304,200
1789764796,slide09-fat,lazytown-slide09-fat,cold,13,True,61.78,1.76,63.54,64.0,512.0,35.0,1169.819,200
1789764805,slide09-fat,lazytown-slide09-fat,cold,14,True,64.66,1.98,66.64,67.0,512.0,35.0,1169.323,200
1789764813,slide09-fat,lazytown-slide09-fat,cold,15,True,57.56,1.59,59.150000000000006,60.0,512.0,37.0,1162.103,200
1789764822,slide09-fat,lazytown-slide09-fat,cold,16,True,61.21,1.83,63.04,64.0,512.0,35.0,1369.395,200
1789764830,slide09-fat,lazytown-slide09-fat,cold,17,True,63.73,2.73,66.46,67.0,512.0,35.0,1141.035,200
1789764838,slide09-fat,lazytown-slide09-fat,cold,18,True,62.69,1.79,64.48,65.0,512.0,35.0,1191.674,200
1789764847,slide09-fat,lazytown-slide09-fat,cold,19,True,44.3,1.24,45.54,46.0,512.0,35.0,1520.614,200
1789764855,slide09-fat,lazytown-slide09-fat,cold,20,True,47.2,1.54,48.74,49.0,512.0,35.0,1129.271,200
1789764863,slide09-fat,lazytown-slide09-fat,cold,21,True,65.29,1.91,67.2,68.0,512.0,35.0,1196.021,200
1789764872,slide09-fat,lazytown-slide09-fat,cold,22,True,65.19,1.84,67.03,68.0,512.0,35.0,1172.093,200
1789764880,slide09-fat,lazytown-slide09-fat,cold,23,True,46.36,1.44,47.8,48.0,512.0,35.0,1387.828,200
1789764889,slide09-fat,lazytown-slide09-fat,cold,24,True,79.37,2.1,81.47,82.0,512.0,35.0,1287.838,200
1789764897,slide09-fat,lazytown-slide09-fat,cold,25,True,60.57,2.79,63.36,64.0,512.0,35.0,1188.825,200
1789764905,slide09-fat,lazytown-slide09-fat,cold,26,True,63.96,2.3,66.26,67.0,512.0,35.0,1133.126,200
1789764914,slide09-fat,lazytown-slide09-fat,cold,27,True,61.36,1.84,63.2,64.0,512.0,35.0,1153.712,200
1789764922,slide09-fat,lazytown-slide09-fat,cold,28,True,47.78,1.48,49.26,50.0,512.0,35.0,1183.273,200
1789764931,slide09-fat,lazytown-slide09-fat,cold,29,True,65.5,2.12,67.62,68.0,512.0,35.0,1202.67,200
1789764939,slide09-fat,lazytown-slide09-fat,cold,30,True,64.88,2.05,66.92999999999999,67.0,512.0,35.0,1381.557,200
1789764941,slide09-fat,lazytown-slide09-fat,warm,1,False,,1.4,,2.0,512.0,35.0,881.165,200
1789764942,slide09-fat,lazytown-slide09-fat,warm,2,False,,1.37,,2.0,512.0,35.0,874.034,200
1789764943,slide09-fat,lazytown-slide09-fat,warm,3,False,,1.36,,2.0,512.0,35.0,899.269,200
1789764943,slide09-fat,lazytown-slide09-fat,warm,4,False,,1.33,,2.0,512.0,35.0,880.893,200
1789764944,slide09-fat,lazytown-slide09-fat,warm,5,False,,1.29,,2.0,512.0,35.0,885.818,200
1789764945,slide09-fat,lazytown-slide09-fat,warm,6,False,,1.37,,2.0,512.0,35.0,870.465,200
1789764946,slide09-fat,lazytown-slide09-fat,warm,7,False,,1.3,,2.0,512.0,35.0,885.46,200
1789764947,slide09-fat,lazytown-slide09-fat,warm,8,False,,1.38,,2.0,512.0,35.0,945.759,200
1789764948,slide09-fat,lazytown-slide09-fat,warm,9,False,,1.33,,2.0,512.0,35.0,914.541,200
1789764949,slide09-fat,lazytown-slide09-fat,warm,10,False,,2.29,,3.0,512.0,35.0,898.284,200
1789764950,slide09-fat,lazytown-slide09-fat,warm,11,False,,1.34,,2.0,512.0,35.0,893.128,200
1789764951,slide09-fat,lazytown-slide09-fat,warm,12,False,,1.27,,2.0,512.0,35.0,884.113,200
1789764952,slide09-fat,lazytown-slide09-fat,warm,13,False,,1.38,,2.0,512.0,35.0,880.607,200
1789764952,slide09-fat,lazytown-slide09-fat,warm,14,False,,1.39,,2.0,512.0,35.0,901.516,200
1789764953,slide09-fat,lazytown-slide09-fat,warm,15,False,,1.45,,2.0,512.0,35.0,877.391,200
1789764954,slide09-fat,lazytown-slide09-fat,warm,16,False,,1.26,,2.0,512.0,35.0,889.423,200
1789764955,slide09-fat,lazytown-slide09-fat,warm,17,False,,1.3,,2.0,512.0,35.0,873.157,200
1789764956,slide09-fat,lazytown-slide09-fat,warm,18,False,,1.34,,2.0,512.0,35.0,892.392,200
1789764957,slide09-fat,lazytown-slide09-fat,warm,19,False,,1.54,,2.0,512.0,35.0,883.717,200
1789764958,slide09-fat,lazytown-slide09-fat,warm,20,False,,1.37,,2.0,512.0,35.0,876.1,200
1789764959,slide09-fat,lazytown-slide09-fat,warm,21,False,,1.33,,2.0,512.0,35.0,892.319,200
1789764960,slide09-fat,lazytown-slide09-fat,warm,22,False,,1.41,,2.0,512.0,35.0,885.21,200
1789764960,slide09-fat,lazytown-slide09-fat,warm,23,False,,1.42,,2.0,512.0,35.0,901.682,200
1789764961,slide09-fat,lazytown-slide09-fat,warm,24,False,,1.26,,2.0,512.0,35.0,877.678,200
1789764962,slide09-fat,lazytown-slide09-fat,warm,25,False,,1.33,,2.0,512.0,35.0,889.465,200
1789764963,slide09-fat,lazytown-slide09-fat,warm,26,False,,1.41,,2.0,512.0,35.0,903.948,200
1789764964,slide09-fat,lazytown-slide09-fat,warm,27,False,,1.35,,2.0,512.0,35.0,901.011,200
1789764965,slide09-fat,lazytown-slide09-fat,warm,28,False,,1.45,,2.0,512.0,35.0,900.999,200
1789764966,slide09-fat,lazytown-slide09-fat,warm,29,False,,1.39,,2.0,512.0,35.0,896.452,200
1789764967,slide09-fat,lazytown-slide09-fat,warm,30,False,,1.39,,2.0,512.0,35.0,1208.913,200
1789764981,slide09-slim,lazytown-slide09-slim,cold,1,True,69.48,1.97,71.45,72.0,512.0,35.0,1120.789,200
1789764989,slide09-slim,lazytown-slide09-slim,cold,2,True,63.6,1.92,65.52,66.0,512.0,35.0,1075.87,200
1789764998,slide09-slim,lazytown-slide09-slim,cold,3,True,64.81,2.78,67.59,68.0,512.0,35.0,1260.491,200
1789765006,slide09-slim,lazytown-slide09-slim,cold,4,True,49.2,1.54,50.74,51.0,512.0,35.0,1062.909,200
1789765014,slide09-slim,lazytown-slide09-slim,cold,5,True,62.63,1.73,64.36,65.0,512.0,35.0,1074.322,200
1789765022,slide09-slim,lazytown-slide09-slim,cold,6,True,49.13,1.64,50.77,51.0,512.0,35.0,1112.065,200
1789765031,slide09-slim,lazytown-slide09-slim,cold,7,True,62.17,1.68,63.85,64.0,512.0,35.0,1253.02,200
1789765039,slide09-slim,lazytown-slide09-slim,cold,8,True,62.23,1.86,64.09,65.0,512.0,35.0,1130.433,200
1789765047,slide09-slim,lazytown-slide09-slim,cold,9,True,48.79,1.49,50.28,51.0,512.0,35.0,1042.8,200
1789765056,slide09-slim,lazytown-slide09-slim,cold,10,True,65.41,1.93,67.34,68.0,512.0,35.0,1025.528,200
1789765064,slide09-slim,lazytown-slide09-slim,cold,11,True,64.65,1.82,66.47,67.0,512.0,35.0,1046.697,200
1789765072,slide09-slim,lazytown-slide09-slim,cold,12,True,62.34,1.7,64.04,65.0,512.0,35.0,1050.299,200
1789765080,slide09-slim,lazytown-slide09-slim,cold,13,True,62.44,1.89,64.33,65.0,512.0,37.0,1048.399,200
1789765089,slide09-slim,lazytown-slide09-slim,cold,14,True,81.56,2.02,83.58,84.0,512.0,35.0,1242.309,200
1789765097,slide09-slim,lazytown-slide09-slim,cold,15,True,75.68,2.1,77.78,78.0,512.0,35.0,1127.859,200
1789765105,slide09-slim,lazytown-slide09-slim,cold,16,True,62.81,1.7,64.51,65.0,512.0,35.0,1053.355,200
1789765114,slide09-slim,lazytown-slide09-slim,cold,17,True,68.8,2.15,70.95,71.0,512.0,35.0,1216.808,200
1789765122,slide09-slim,lazytown-slide09-slim,cold,18,True,63.51,1.98,65.49,66.0,512.0,35.0,1358.521,200
1789765130,slide09-slim,lazytown-slide09-slim,cold,19,True,83.43,2.15,85.58000000000001,86.0,512.0,35.0,1076.425,200
1789765138,slide09-slim,lazytown-slide09-slim,cold,20,True,62.02,1.81,63.830000000000005,64.0,512.0,35.0,1052.143,200
1789765147,slide09-slim,lazytown-slide09-slim,cold,21,True,61.4,1.86,63.26,64.0,512.0,35.0,1248.16,200
1789765155,slide09-slim,lazytown-slide09-slim,cold,22,True,63.0,1.82,64.82,65.0,512.0,35.0,1127.106,200
1789765164,slide09-slim,lazytown-slide09-slim,cold,23,True,62.05,2.06,64.11,65.0,512.0,35.0,1061.521,200
1789765172,slide09-slim,lazytown-slide09-slim,cold,24,True,65.75,1.89,67.64,68.0,512.0,35.0,1011.652,200
1789765180,slide09-slim,lazytown-slide09-slim,cold,25,True,75.2,1.94,77.14,78.0,512.0,35.0,1288.595,200
1789765189,slide09-slim,lazytown-slide09-slim,cold,26,True,62.68,1.99,64.67,65.0,512.0,35.0,1104.575,200
1789765197,slide09-slim,lazytown-slide09-slim,cold,27,True,44.01,1.35,45.36,46.0,512.0,35.0,1012.08,200
1789765205,slide09-slim,lazytown-slide09-slim,cold,28,True,65.16,2.26,67.42,68.0,512.0,35.0,1138.594,200
1789765208,slide09-slim,lazytown-slide09-slim,cold,29,True,46.43,1.5,47.93,48.0,512.0,35.0,1046.669,200
1789765217,slide09-slim,lazytown-slide09-slim,cold,30,True,76.35,1.99,78.33999999999999,79.0,512.0,35.0,1170.556,200
1789765218,slide09-slim,lazytown-slide09-slim,warm,1,False,,1.53,,2.0,512.0,35.0,890.873,200
1789765219,slide09-slim,lazytown-slide09-slim,warm,2,False,,1.48,,2.0,512.0,37.0,891.624,200
1789765220,slide09-slim,lazytown-slide09-slim,warm,3,False,,1.44,,2.0,512.0,37.0,891.512,200
1789765221,slide09-slim,lazytown-slide09-slim,warm,4,False,,1.43,,2.0,512.0,37.0,865.735,200
1789765222,slide09-slim,lazytown-slide09-slim,warm,5,False,,1.45,,2.0,512.0,37.0,881.731,200
1789765223,slide09-slim,lazytown-slide09-slim,warm,6,False,,1.43,,2.0,512.0,37.0,883.786,200
1789765224,slide09-slim,lazytown-slide09-slim,warm,7,False,,1.67,,2.0,512.0,37.0,970.156,200
1789765225,slide09-slim,lazytown-slide09-slim,warm,8,False,,1.49,,2.0,512.0,37.0,922.92,200
1789765226,slide09-slim,lazytown-slide09-slim,warm,9,False,,1.56,,2.0,512.0,37.0,954.49,200
1789765227,slide09-slim,lazytown-slide09-slim,warm,10,False,,1.63,,2.0,512.0,37.0,904.551,200
1789765228,slide09-slim,lazytown-slide09-slim,warm,11,False,,1.55,,2.0,512.0,37.0,913.895,200
1789765229,slide09-slim,lazytown-slide09-slim,warm,12,False,,1.54,,2.0,512.0,37.0,877.592,200
1789765229,slide09-slim,lazytown-slide09-slim,warm,13,False,,1.53,,2.0,512.0,39.0,910.49,200
1789765230,slide09-slim,lazytown-slide09-slim,warm,14,False,,1.55,,2.0,512.0,39.0,894.24,200
1789765231,slide09-slim,lazytown-slide09-slim,warm,15,False,,1.48,,2.0,512.0,39.0,903.559,200
1789765232,slide09-slim,lazytown-slide09-slim,warm,16,False,,1.58,,2.0,512.0,39.0,895.184,200
1789765233,slide09-slim,lazytown-slide09-slim,warm,17,False,,1.64,,2.0,512.0,39.0,905.06,200
1789765234,slide09-slim,lazytown-slide09-slim,warm,18,False,,1.49,,2.0,512.0,39.0,890.274,200
1789765235,slide09-slim,lazytown-slide09-slim,warm,19,False,,1.59,,2.0,512.0,39.0,892.619,200
1789765236,slide09-slim,lazytown-slide09-slim,warm,20,False,,1.53,,2.0,512.0,39.0,907.026,200
1789765237,slide09-slim,lazytown-slide09-slim,warm,21,False,,1.7,,2.0,512.0,39.0,1072.47,200
1789765238,slide09-slim,lazytown-slide09-slim,warm,22,False,,1.52,,2.0,512.0,39.0,880.817,200
1789765239,slide09-slim,lazytown-slide09-slim,warm,23,False,,1.61,,2.0,512.0,39.0,900.578,200
1789765240,slide09-slim,lazytown-slide09-slim,warm,24,False,,1.51,,2.0,512.0,39.0,896.962,200
1789765240,slide09-slim,lazytown-slide09-slim,warm,25,False,,1.53,,2.0,512.0,39.0,895.07,200
1789765241,slide09-slim,lazytown-slide09-slim,warm,26,False,,1.55,,2.0,512.0,39.0,884.597,200
1789765242,slide09-slim,lazytown-slide09-slim,warm,27,False,,1.38,,2.0,512.0,39.0,884.101,200
1789765243,slide09-slim,lazytown-slide09-slim,warm,28,False,,1.43,,2.0,512.0,39.0,920.647,200
1789765244,slide09-slim,lazytown-slide09-slim,warm,29,False,,2.21,,3.0,512.0,39.0,919.343,200
1789765245,slide09-slim,lazytown-slide09-slim,warm,30,False,,1.4,,2.0,512.0,39.0,959.715,200
1789799380,slide10-python-baseline,lazytown-final-python-baseline,cold,1,True,2356.41,46.8,2403.21,2404.0,512.0,139.0,3653.445,200
1789799391,slide10-python-baseline,lazytown-final-python-baseline,cold,2,True,2364.37,54.21,2418.58,2419.0,512.0,138.0,3603.969,200
1789799402,slide10-python-baseline,lazytown-final-python-baseline,cold,3,True,2534.43,54.53,2588.96,2589.0,512.0,139.0,4070.244,200
1789799413,slide10-python-baseline,lazytown-final-python-baseline,cold,4,True,2458.54,45.43,2503.97,2504.0,512.0,138.0,3721.056,200
1789799424,slide10-python-baseline,lazytown-final-python-baseline,cold,5,True,2461.24,56.58,2517.8199999999997,2518.0,512.0,138.0,3688.668,200
1789799435,slide10-python-baseline,lazytown-final-python-baseline,cold,6,True,2395.61,47.83,2443.44,2444.0,512.0,138.0,3877.471,200
1789799445,slide10-python-baseline,lazytown-final-python-baseline,cold,7,True,2406.82,53.96,2460.78,2461.0,512.0,138.0,3652.375,200
1789799456,slide10-python-baseline,lazytown-final-python-baseline,cold,8,True,2464.65,49.28,2513.9300000000003,2514.0,512.0,138.0,3694.93,200
1789799467,slide10-python-baseline,lazytown-final-python-baseline,cold,9,True,2040.7,33.88,2074.58,2075.0,512.0,139.0,3442.168,200
1789799477,slide10-python-baseline,lazytown-final-python-baseline,cold,10,True,1980.02,43.39,2023.41,2024.0,512.0,138.0,3181.48,200
1789799487,slide10-python-baseline,lazytown-final-python-baseline,cold,11,True,2358.69,54.94,2413.63,2414.0,512.0,138.0,3676.232,200
1789799493,slide10-python-baseline,lazytown-final-python-baseline,cold,12,True,2425.75,47.11,2472.86,2473.0,512.0,138.0,3702.826,200
1789799504,slide10-python-baseline,lazytown-final-python-baseline,cold,13,True,2509.37,46.22,2555.5899999999997,2556.0,512.0,138.0,3862.283,200
1789799515,slide10-python-baseline,lazytown-final-python-baseline,cold,14,True,2396.97,47.05,2444.02,2445.0,512.0,138.0,3620.482,200
1789799526,slide10-python-baseline,lazytown-final-python-baseline,cold,15,True,2398.81,37.54,2436.35,2437.0,512.0,138.0,3924.315,200
1789799536,slide10-python-baseline,lazytown-final-python-baseline,cold,16,True,2429.66,53.88,2483.54,2484.0,512.0,138.0,3619.391,200
1789799547,slide10-python-baseline,lazytown-final-python-baseline,cold,17,True,2476.38,46.98,2523.36,2524.0,512.0,139.0,3785.09,200
1789799553,slide10-python-baseline,lazytown-final-python-baseline,cold,18,True,2433.25,54.11,2487.36,2488.0,512.0,138.0,3575.177,200
1789799564,slide10-python-baseline,lazytown-final-python-baseline,cold,19,True,2527.26,51.02,2578.28,2579.0,512.0,138.0,3766.275,200
1789799574,slide10-python-baseline,lazytown-final-python-baseline,cold,20,True,2362.6,55.67,2418.27,2419.0,512.0,138.0,3541.454,200
1789799585,slide10-python-baseline,lazytown-final-python-baseline,cold,21,True,2440.29,38.59,2478.88,2479.0,512.0,138.0,3854.254,200
1789799596,slide10-python-baseline,lazytown-final-python-baseline,cold,22,True,2369.05,45.03,2414.0800000000004,2415.0,512.0,138.0,3535.54,200
1789799606,slide10-python-baseline,lazytown-final-python-baseline,cold,23,True,2338.68,30.48,2369.16,2370.0,512.0,138.0,3533.37,200
1789799617,slide10-python-baseline,lazytown-final-python-baseline,cold,24,True,2417.24,53.96,2471.2,2472.0,512.0,138.0,3811.717,200
1789799628,slide10-python-baseline,lazytown-final-python-baseline,cold,25,True,2354.97,38.45,2393.4199999999996,2394.0,512.0,138.0,3588.073,200
1789799638,slide10-python-baseline,lazytown-final-python-baseline,cold,26,True,2230.68,37.72,2268.3999999999996,2269.0,512.0,139.0,3380.794,200
1789799649,slide10-python-baseline,lazytown-final-python-baseline,cold,27,True,2407.49,47.45,2454.9399999999996,2455.0,512.0,138.0,3520.64,200
1789799660,slide10-python-baseline,lazytown-final-python-baseline,cold,28,True,2529.96,50.07,2580.03,2581.0,512.0,139.0,3692.211,200
1789799671,slide10-python-baseline,lazytown-final-python-baseline,cold,29,True,2415.04,51.1,2466.14,2467.0,512.0,138.0,3639.533,200
1789799681,slide10-python-baseline,lazytown-final-python-baseline,cold,30,True,2382.52,50.99,2433.5099999999998,2434.0,512.0,138.0,3568.488,200
1789799683,slide10-python-baseline,lazytown-final-python-baseline,warm,1,False,,47.56,,48.0,512.0,138.0,879.628,200
1789799684,slide10-python-baseline,lazytown-final-python-baseline,warm,2,False,,50.78,,51.0,512.0,138.0,902.719,200
1789799685,slide10-python-baseline,lazytown-final-python-baseline,warm,3,False,,38.42,,39.0,512.0,138.0,870.341,200
1789799686,slide10-python-baseline,lazytown-final-python-baseline,warm,4,False,,46.77,,47.0,512.0,138.0,869.565,200
1789799687,slide10-python-baseline,lazytown-final-python-baseline,warm,5,False,,46.42,,47.0,512.0,138.0,855.68,200
1789799688,slide10-python-baseline,lazytown-final-python-baseline,warm,6,False,,46.5,,47.0,512.0,138.0,865.106,200
1789799688,slide10-python-baseline,lazytown-final-python-baseline,warm,7,False,,56.35,,57.0,512.0,138.0,893.521,200
1789799689,slide10-python-baseline,lazytown-final-python-baseline,warm,8,False,,38.55,,39.0,512.0,138.0,875.105,200
1789799690,slide10-python-baseline,lazytown-final-python-baseline,warm,9,False,,56.39,,57.0,512.0,138.0,866.642,200
1789799691,slide10-python-baseline,lazytown-final-python-baseline,warm,10,False,,60.9,,61.0,512.0,138.0,892.232,200
1789799692,slide10-python-baseline,lazytown-final-python-baseline,warm,11,False,,48.14,,49.0,512.0,138.0,898.939,200
1789799693,slide10-python-baseline,lazytown-final-python-baseline,warm,12,False,,46.74,,47.0,512.0,138.0,884.295,200
1789799694,slide10-python-baseline,lazytown-final-python-baseline,warm,13,False,,47.23,,48.0,512.0,138.0,892.478,200
1789799695,slide10-python-baseline,lazytown-final-python-baseline,warm,14,False,,46.55,,47.0,512.0,138.0,887.169,200
1789799696,slide10-python-baseline,lazytown-final-python-baseline,warm,15,False,,56.67,,57.0,512.0,138.0,886.748,200
1789799696,slide10-python-baseline,lazytown-final-python-baseline,warm,16,False,,44.83,,45.0,512.0,138.0,866.711,200
1789799697,slide10-python-baseline,lazytown-final-python-baseline,warm,17,False,,48.94,,49.0,512.0,138.0,880.524,200
1789799698,slide10-python-baseline,lazytown-final-python-baseline,warm,18,False,,42.06,,43.0,512.0,138.0,869.192,200
1789799699,slide10-python-baseline,lazytown-final-python-baseline,warm,19,False,,46.59,,47.0,512.0,138.0,1071.568,200
1789799700,slide10-python-baseline,lazytown-final-python-baseline,warm,20,False,,38.21,,39.0,512.0,138.0,869.23,200
1789799701,slide10-python-baseline,lazytown-final-python-baseline,warm,21,False,,46.51,,47.0,512.0,138.0,913.935,200
1789799702,slide10-python-baseline,lazytown-final-python-baseline,warm,22,False,,45.66,,46.0,512.0,138.0,872.839,200
1789799703,slide10-python-baseline,lazytown-final-python-baseline,warm,23,False,,50.01,,51.0,512.0,138.0,874.815,200
1789799704,slide10-python-baseline,lazytown-final-python-baseline,warm,24,False,,42.44,,43.0,512.0,138.0,898.723,200
1789799705,slide10-python-baseline,lazytown-final-python-baseline,warm,25,False,,56.31,,57.0,512.0,138.0,888.728,200
1789799706,slide10-python-baseline,lazytown-final-python-baseline,warm,26,False,,48.35,,49.0,512.0,138.0,874.765,200
1789799706,slide10-python-baseline,lazytown-final-python-baseline,warm,27,False,,46.55,,47.0,512.0,138.0,925.523,200
1789799707,slide10-python-baseline,lazytown-final-python-baseline,warm,28,False,,44.56,,45.0,512.0,138.0,899.194,200
1789799708,slide10-python-baseline,lazytown-final-python-baseline,warm,29,False,,57.95,,58.0,512.0,138.0,931.475,200
1789799709,slide10-python-baseline,lazytown-final-python-baseline,warm,30,False,,50.73,,51.0,512.0,138.0,884.53,200
1789799759,slide10-python-arm64,lazytown-final-python-arm64,cold,1,True,1905.23,42.98,1948.21,1949.0,512.0,146.0,3125.252,200
1789799770,slide10-python-arm64,lazytown-final-python-arm64,cold,2,True,1944.25,32.44,1976.69,1977.0,512.0,146.0,3124.174,200
1789799780,slide10-python-arm64,lazytown-final-python-arm64,cold,3,True,1954.01,32.4,1986.41,1987.0,512.0,148.0,3149.821,200
1789799790,slide10-python-arm64,lazytown-final-python-arm64,cold,4,True,1914.24,40.66,1954.9,1955.0,512.0,146.0,3112.363,200
1789799801,slide10-python-arm64,lazytown-final-python-arm64,cold,5,True,1977.78,36.71,2014.49,2015.0,512.0,148.0,3118.202,200
1789799811,slide10-python-arm64,lazytown-final-python-arm64,cold,6,True,1939.29,39.67,1978.96,1979.0,512.0,146.0,3059.137,200
1789799821,slide10-python-arm64,lazytown-final-python-arm64,cold,7,True,1999.38,52.39,2051.77,2052.0,512.0,146.0,3217.054,200
1789799832,slide10-python-arm64,lazytown-final-python-arm64,cold,8,True,1931.98,43.08,1975.06,1976.0,512.0,146.0,3114.344,200
1789799842,slide10-python-arm64,lazytown-final-python-arm64,cold,9,True,1931.61,42.42,1974.03,1975.0,512.0,146.0,3060.974,200
1789799853,slide10-python-arm64,lazytown-final-python-arm64,cold,10,True,1965.35,38.9,2004.25,2005.0,512.0,148.0,3292.322,200
1789799863,slide10-python-arm64,lazytown-final-python-arm64,cold,11,True,1997.68,52.88,2050.56,2051.0,512.0,147.0,3098.083,200
1789799873,slide10-python-arm64,lazytown-final-python-arm64,cold,12,True,1908.45,42.85,1951.3,1952.0,512.0,148.0,3026.478,200
1789799883,slide10-python-arm64,lazytown-final-python-arm64,cold,13,True,1942.45,40.82,1983.27,1984.0,512.0,146.0,3409.722,200
1789799894,slide10-python-arm64,lazytown-final-python-arm64,cold,14,True,1970.51,39.66,2010.17,2011.0,512.0,148.0,3132.677,200
1789799904,slide10-python-arm64,lazytown-final-python-arm64,cold,15,True,1924.33,43.11,1967.4399999999998,1968.0,512.0,148.0,3079.213,200
1789799914,slide10-python-arm64,lazytown-final-python-arm64,cold,16,True,1942.15,52.74,1994.89,1995.0,512.0,146.0,3378.651,200
1789799925,slide10-python-arm64,lazytown-final-python-arm64,cold,17,True,2479.31,53.7,2533.0099999999998,2534.0,512.0,147.0,3683.806,200
1789799935,slide10-python-arm64,lazytown-final-python-arm64,cold,18,True,1476.01,9.54,1485.55,1486.0,512.0,146.0,2539.733,200
1789799945,slide10-python-arm64,lazytown-final-python-arm64,cold,19,True,1971.47,42.72,2014.19,2015.0,512.0,146.0,3277.676,200
1789799955,slide10-python-arm64,lazytown-final-python-arm64,cold,20,True,1936.03,41.02,1977.05,1978.0,512.0,146.0,3054.183,200
1789799965,slide10-python-arm64,lazytown-final-python-arm64,cold,21,True,1945.36,51.98,1997.34,1998.0,512.0,146.0,3091.538,200
1789799975,slide10-python-arm64,lazytown-final-python-arm64,cold,22,True,1980.95,39.83,2020.78,2021.0,512.0,148.0,3335.738,200
1789799986,slide10-python-arm64,lazytown-final-python-arm64,cold,23,True,1965.38,32.49,1997.8700000000001,1998.0,512.0,146.0,3076.715,200
1789799996,slide10-python-arm64,lazytown-final-python-arm64,cold,24,True,1999.73,40.93,2040.66,2041.0,512.0,148.0,3145.395,200
1789800006,slide10-python-arm64,lazytown-final-python-arm64,cold,25,True,2055.27,51.73,2107.0,2107.0,512.0,148.0,3355.458,200
1789800016,slide10-python-arm64,lazytown-final-python-arm64,cold,26,True,1958.62,23.61,1982.2299999999998,1983.0,512.0,146.0,3149.402,200
1789800027,slide10-python-arm64,lazytown-final-python-arm64,cold,27,True,1891.22,46.64,1937.8600000000001,1938.0,512.0,146.0,3177.657,200
1789800037,slide10-python-arm64,lazytown-final-python-arm64,cold,28,True,1916.32,39.52,1955.84,1956.0,512.0,148.0,3171.898,200
1789800047,slide10-python-arm64,lazytown-final-python-arm64,cold,29,True,1976.76,41.47,2018.23,2019.0,512.0,146.0,3249.718,200
1789800057,slide10-python-arm64,lazytown-final-python-arm64,cold,30,True,2024.77,50.73,2075.5,2076.0,512.0,148.0,3207.059,200
1789800059,slide10-python-arm64,lazytown-final-python-arm64,warm,1,False,,35.16,,36.0,512.0,148.0,1062.797,200
1789800060,slide10-python-arm64,lazytown-final-python-arm64,warm,2,False,,36.42,,37.0,512.0,148.0,853.416,200
1789800061,slide10-python-arm64,lazytown-final-python-arm64,warm,3,False,,50.33,,51.0,512.0,148.0,908.765,200
1789800062,slide10-python-arm64,lazytown-final-python-arm64,warm,4,False,,42.29,,43.0,512.0,148.0,889.618,200
1789800063,slide10-python-arm64,lazytown-final-python-arm64,warm,5,False,,32.25,,33.0,512.0,148.0,854.826,200
1789800064,slide10-python-arm64,lazytown-final-python-arm64,warm,6,False,,32.58,,33.0,512.0,148.0,992.983,200
1789800065,slide10-python-arm64,lazytown-final-python-arm64,warm,7,False,,50.52,,51.0,512.0,148.0,908.927,200
1789800065,slide10-python-arm64,lazytown-final-python-arm64,warm,8,False,,37.2,,38.0,512.0,148.0,860.914,200
1789800066,slide10-python-arm64,lazytown-final-python-arm64,warm,9,False,,22.04,,23.0,512.0,148.0,845.535,200
1789800067,slide10-python-arm64,lazytown-final-python-arm64,warm,10,False,,41.63,,42.0,512.0,148.0,871.582,200
1789800068,slide10-python-arm64,lazytown-final-python-arm64,warm,11,False,,23.21,,24.0,512.0,148.0,841.331,200
1789800069,slide10-python-arm64,lazytown-final-python-arm64,warm,12,False,,45.09,,46.0,512.0,148.0,863.274,200
1789800070,slide10-python-arm64,lazytown-final-python-arm64,warm,13,False,,43.2,,44.0,512.0,148.0,901.804,200
1789800071,slide10-python-arm64,lazytown-final-python-arm64,warm,14,False,,50.25,,51.0,512.0,148.0,871.918,200
1789800072,slide10-python-arm64,lazytown-final-python-arm64,warm,15,False,,43.63,,44.0,512.0,148.0,875.321,200
1789800072,slide10-python-arm64,lazytown-final-python-arm64,warm,16,False,,42.09,,43.0,512.0,148.0,872.193,200
1789800073,slide10-python-arm64,lazytown-final-python-arm64,warm,17,False,,42.86,,43.0,512.0,148.0,858.466,200
1789800074,slide10-python-arm64,lazytown-final-python-arm64,warm,18,False,,49.14,,50.0,512.0,148.0,871.099,200
1789800075,slide10-python-arm64,lazytown-final-python-arm64,warm,19,False,,48.6,,49.0,512.0,148.0,851.463,200
1789800076,slide10-python-arm64,lazytown-final-python-arm64,warm,20,False,,49.28,,50.0,512.0,148.0,866.279,200
1789800077,slide10-python-arm64,lazytown-final-python-arm64,warm,21,False,,35.78,,36.0,512.0,148.0,866.708,200
1789800078,slide10-python-arm64,lazytown-final-python-arm64,warm,22,False,,45.69,,46.0,512.0,148.0,883.398,200
1789800079,slide10-python-arm64,lazytown-final-python-arm64,warm,23,False,,34.51,,35.0,512.0,148.0,856.943,200
1789800079,slide10-python-arm64,lazytown-final-python-arm64,warm,24,False,,42.94,,43.0,512.0,148.0,874.244,200
1789800080,slide10-python-arm64,lazytown-final-python-arm64,warm,25,False,,50.56,,51.0,512.0,148.0,867.828,200
1789800081,slide10-python-arm64,lazytown-final-python-arm64,warm,26,False,,35.78,,36.0,512.0,148.0,871.165,200
1789800082,slide10-python-arm64,lazytown-final-python-arm64,warm,27,False,,41.88,,42.0,512.0,148.0,868.926,200
1789800083,slide10-python-arm64,lazytown-final-python-arm64,warm,28,False,,47.73,,48.0,512.0,148.0,868.232,200
1789800084,slide10-python-arm64,lazytown-final-python-arm64,warm,29,False,,37.83,,38.0,512.0,148.0,863.898,200
1789800085,slide10-python-arm64,lazytown-final-python-arm64,warm,30,False,,41.64,,42.0,512.0,148.0,867.756,200
1789800110,slide10-python-optimized,lazytown-final-python-optimized,cold,1,True,65.09,12.25,77.34,78.0,1769.0,40.0,994.722,200
1789800118,slide10-python-optimized,lazytown-final-python-optimized,cold,2,True,71.25,12.59,83.84,84.0,1769.0,41.0,1122.639,200
1789800121,slide10-python-optimized,lazytown-final-python-optimized,cold,3,True,66.57,12.69,79.25999999999999,80.0,1769.0,41.0,1050.079,200
1789800129,slide10-python-optimized,lazytown-final-python-optimized,cold,4,True,84.94,17.54,102.47999999999999,103.0,1769.0,40.0,1048.028,200
1789800137,slide10-python-optimized,lazytown-final-python-optimized,cold,5,True,66.78,12.58,79.36,80.0,1769.0,40.0,1027.252,200
1789800145,slide10-python-optimized,lazytown-final-python-optimized,cold,6,True,65.31,12.58,77.89,78.0,1769.0,40.0,1024.146,200
1789800154,slide10-python-optimized,lazytown-final-python-optimized,cold,7,True,71.86,12.96,84.82,85.0,1769.0,40.0,1248.752,200
1789800162,slide10-python-optimized,lazytown-final-python-optimized,cold,8,True,73.03,12.84,85.87,86.0,1769.0,40.0,1030.649,200
1789800165,slide10-python-optimized,lazytown-final-python-optimized,cold,9,True,86.37,17.79,104.16,105.0,1769.0,41.0,1211.09,200
1789800174,slide10-python-optimized,lazytown-final-python-optimized,cold,10,True,69.97,12.88,82.85,83.0,1769.0,40.0,1086.106,200
1789800182,slide10-python-optimized,lazytown-final-python-optimized,cold,11,True,68.65,13.01,81.66000000000001,82.0,1769.0,40.0,1261.933,200
1789800190,slide10-python-optimized,lazytown-final-python-optimized,cold,12,True,86.81,17.52,104.33,105.0,1769.0,40.0,1247.546,200
1789800199,slide10-python-optimized,lazytown-final-python-optimized,cold,13,True,70.77,12.75,83.52,84.0,1769.0,40.0,1050.121,200
1789800207,slide10-python-optimized,lazytown-final-python-optimized,cold,14,True,66.75,12.83,79.58,80.0,1769.0,41.0,1030.951,200
1789800210,slide10-python-optimized,lazytown-final-python-optimized,cold,15,True,77.86,17.98,95.84,96.0,1769.0,41.0,1055.295,200
1789800218,slide10-python-optimized,lazytown-final-python-optimized,cold,16,True,47.04,8.69,55.73,56.0,1769.0,40.0,1004.217,200
1789800227,slide10-python-optimized,lazytown-final-python-optimized,cold,17,True,85.89,17.36,103.25,104.0,1769.0,41.0,1135.126,200
1789800235,slide10-python-optimized,lazytown-final-python-optimized,cold,18,True,70.41,12.73,83.14,84.0,1769.0,42.0,1485.601,200
1789800244,slide10-python-optimized,lazytown-final-python-optimized,cold,19,True,65.9,12.56,78.46000000000001,79.0,1769.0,40.0,1199.385,200
1789800252,slide10-python-optimized,lazytown-final-python-optimized,cold,20,True,69.07,12.86,81.92999999999999,82.0,1769.0,42.0,1156.84,200
1789800261,slide10-python-optimized,lazytown-final-python-optimized,cold,21,True,88.07,17.45,105.52,106.0,1769.0,41.0,1290.685,200
1789800265,slide10-python-optimized,lazytown-final-python-optimized,cold,22,True,69.52,12.52,82.03999999999999,83.0,1769.0,41.0,1408.758,200
1789800273,slide10-python-optimized,lazytown-final-python-optimized,cold,23,True,67.16,13.09,80.25,81.0,1769.0,40.0,1205.353,200
1789800281,slide10-python-optimized,lazytown-final-python-optimized,cold,24,True,67.22,12.6,79.82,80.0,1769.0,41.0,1003.254,200
1789800289,slide10-python-optimized,lazytown-final-python-optimized,cold,25,True,68.53,12.8,81.33,82.0,1769.0,40.0,1047.389,200
1789800297,slide10-python-optimized,lazytown-final-python-optimized,cold,26,True,71.2,13.74,84.94,85.0,1769.0,41.0,1068.782,200
1789800305,slide10-python-optimized,lazytown-final-python-optimized,cold,27,True,69.69,12.96,82.65,83.0,1769.0,40.0,1026.176,200
1789800314,slide10-python-optimized,lazytown-final-python-optimized,cold,28,True,73.92,12.95,86.87,87.0,1769.0,40.0,1028.406,200
1789800322,slide10-python-optimized,lazytown-final-python-optimized,cold,29,True,50.43,8.78,59.21,60.0,1769.0,41.0,987.444,200
1789800330,slide10-python-optimized,lazytown-final-python-optimized,cold,30,True,65.49,12.31,77.8,78.0,1769.0,41.0,1246.191,200
1789800332,slide10-python-optimized,lazytown-final-python-optimized,warm,1,False,,11.84,,12.0,1769.0,41.0,884.958,200
1789800333,slide10-python-optimized,lazytown-final-python-optimized,warm,2,False,,11.64,,12.0,1769.0,41.0,854.484,200
1789800333,slide10-python-optimized,lazytown-final-python-optimized,warm,3,False,,11.92,,12.0,1769.0,41.0,863.863,200
1789800334,slide10-python-optimized,lazytown-final-python-optimized,warm,4,False,,11.69,,12.0,1769.0,41.0,844.361,200
1789800335,slide10-python-optimized,lazytown-final-python-optimized,warm,5,False,,11.66,,12.0,1769.0,41.0,851.063,200
1789800336,slide10-python-optimized,lazytown-final-python-optimized,warm,6,False,,11.72,,12.0,1769.0,41.0,853.167,200
1789800337,slide10-python-optimized,lazytown-final-python-optimized,warm,7,False,,11.72,,12.0,1769.0,41.0,852.821,200
1789800338,slide10-python-optimized,lazytown-final-python-optimized,warm,8,False,,11.61,,12.0,1769.0,41.0,872.181,200
1789800339,slide10-python-optimized,lazytown-final-python-optimized,warm,9,False,,11.79,,12.0,1769.0,41.0,861.419,200
1789800339,slide10-python-optimized,lazytown-final-python-optimized,warm,10,False,,11.93,,12.0,1769.0,41.0,852.273,200
1789800340,slide10-python-optimized,lazytown-final-python-optimized,warm,11,False,,11.78,,12.0,1769.0,41.0,847.416,200
1789800341,slide10-python-optimized,lazytown-final-python-optimized,warm,12,False,,11.7,,12.0,1769.0,41.0,856.033,200
1789800342,slide10-python-optimized,lazytown-final-python-optimized,warm,13,False,,11.67,,12.0,1769.0,42.0,881.28,200
1789800343,slide10-python-optimized,lazytown-final-python-optimized,warm,14,False,,11.91,,12.0,1769.0,42.0,852.889,200
1789800344,slide10-python-optimized,lazytown-final-python-optimized,warm,15,False,,11.79,,12.0,1769.0,42.0,865.27,200
1789800345,slide10-python-optimized,lazytown-final-python-optimized,warm,16,False,,11.82,,12.0,1769.0,42.0,849.176,200
1789800345,slide10-python-optimized,lazytown-final-python-optimized,warm,17,False,,11.76,,12.0,1769.0,42.0,841.988,200
1789800346,slide10-python-optimized,lazytown-final-python-optimized,warm,18,False,,11.85,,12.0,1769.0,42.0,854.013,200
1789800347,slide10-python-optimized,lazytown-final-python-optimized,warm,19,False,,11.8,,12.0,1769.0,42.0,866.187,200
1789800348,slide10-python-optimized,lazytown-final-python-optimized,warm,20,False,,11.88,,12.0,1769.0,42.0,879.014,200
1789800349,slide10-python-optimized,lazytown-final-python-optimized,warm,21,False,,12.65,,13.0,1769.0,42.0,868.787,200
1789800350,slide10-python-optimized,lazytown-final-python-optimized,warm,22,False,,12.72,,13.0,1769.0,42.0,863.403,200
1789800351,slide10-python-optimized,lazytown-final-python-optimized,warm,23,False,,11.79,,12.0,1769.0,42.0,864.192,200
1789800352,slide10-python-optimized,lazytown-final-python-optimized,warm,24,False,,12.76,,13.0,1769.0,42.0,847.802,200
1789800352,slide10-python-optimized,lazytown-final-python-optimized,warm,25,False,,12.66,,13.0,1769.0,42.0,841.153,200
1789800353,slide10-python-optimized,lazytown-final-python-optimized,warm,26,False,,11.75,,12.0,1769.0,42.0,839.761,200
1789800354,slide10-python-optimized,lazytown-final-python-optimized,warm,27,False,,12.61,,13.0,1769.0,42.0,875.477,200
1789800355,slide10-python-optimized,lazytown-final-python-optimized,warm,28,False,,12.12,,13.0,1769.0,42.0,863.056,200
1789800356,slide10-python-optimized,lazytown-final-python-optimized,warm,29,False,,12.94,,13.0,1769.0,42.0,857.948,200
1789800357,slide10-python-optimized,lazytown-final-python-optimized,warm,30,False,,12.43,,13.0,1769.0,42.0,864.218,200
1789800397,slide10-go,lazytown-final-go,cold,1,True,48.03,4.47,52.5,53.0,1769.0,26.0,1208.978,200
1789800406,slide10-go,lazytown-final-go,cold,2,True,49.99,3.78,53.77,54.0,1769.0,26.0,1048.381,200
1789800414,slide10-go,lazytown-final-go,cold,3,True,42.75,2.9,45.65,46.0,1769.0,26.0,1078.959,200
1789800422,slide10-go,lazytown-final-go,cold,4,True,50.71,5.24,55.95,56.0,1769.0,26.0,1332.391,200
1789800431,slide10-go,lazytown-final-go,cold,5,True,61.24,5.85,67.09,68.0,1769.0,28.0,1043.129,200
1789800439,slide10-go,lazytown-final-go,cold,6,True,63.27,4.37,67.64,68.0,1769.0,26.0,1178.328,200
1789800447,slide10-go,lazytown-final-go,cold,7,True,61.19,4.46,65.64999999999999,66.0,1769.0,26.0,1019.789,200
1789800455,slide10-go,lazytown-final-go,cold,8,True,47.84,4.51,52.35,53.0,1769.0,26.0,1046.332,200
1789800464,slide10-go,lazytown-final-go,cold,9,True,42.49,3.97,46.46,47.0,1769.0,26.0,1183.314,200
1789800472,slide10-go,lazytown-final-go,cold,10,True,51.91,4.03,55.94,56.0,1769.0,26.0,1132.039,200
1789800481,slide10-go,lazytown-final-go,cold,11,True,49.84,4.51,54.35,55.0,1769.0,26.0,1390.017,200
1789800489,slide10-go,lazytown-final-go,cold,12,True,49.92,4.96,54.88,55.0,1769.0,26.0,1146.564,200
1789800498,slide10-go,lazytown-final-go,cold,13,True,50.43,4.21,54.64,55.0,1769.0,28.0,1172.279,200
1789800506,slide10-go,lazytown-final-go,cold,14,True,51.31,4.83,56.14,57.0,1769.0,26.0,1094.977,200
1789800515,slide10-go,lazytown-final-go,cold,15,True,50.72,5.01,55.73,56.0,1769.0,26.0,1388.865,200
1789800523,slide10-go,lazytown-final-go,cold,16,True,50.37,3.77,54.14,55.0,1769.0,26.0,1012.649,200
1789800531,slide10-go,lazytown-final-go,cold,17,True,51.33,3.95,55.28,56.0,1769.0,26.0,985.708,200
1789800539,slide10-go,lazytown-final-go,cold,18,True,49.28,3.96,53.24,54.0,1769.0,26.0,1218.922,200
1789800548,slide10-go,lazytown-final-go,cold,19,True,49.0,5.69,54.69,55.0,1769.0,26.0,1007.916,200
1789800556,slide10-go,lazytown-final-go,cold,20,True,50.23,4.12,54.349999999999994,55.0,1769.0,26.0,1045.101,200
1789800564,slide10-go,lazytown-final-go,cold,21,True,49.62,4.81,54.43,55.0,1769.0,26.0,995.283,200
1789800572,slide10-go,lazytown-final-go,cold,22,True,48.15,4.7,52.85,53.0,1769.0,26.0,1382.583,200
1789800581,slide10-go,lazytown-final-go,cold,23,True,48.42,4.68,53.1,54.0,1769.0,28.0,988.938,200
1789800589,slide10-go,lazytown-final-go,cold,24,True,48.69,4.63,53.32,54.0,1769.0,26.0,1024.439,200
1789800597,slide10-go,lazytown-final-go,cold,25,True,49.89,3.8,53.69,54.0,1769.0,26.0,1018.941,200
1789800605,slide10-go,lazytown-final-go,cold,26,True,50.84,3.92,54.760000000000005,55.0,1769.0,26.0,1207.445,200
1789800613,slide10-go,lazytown-final-go,cold,27,True,48.26,4.78,53.04,54.0,1769.0,26.0,1016.318,200
1789800621,slide10-go,lazytown-final-go,cold,28,True,48.53,4.82,53.35,54.0,1769.0,26.0,1057.502,200
1789800630,slide10-go,lazytown-final-go,cold,29,True,60.9,5.62,66.52,67.0,1769.0,26.0,1238.098,200
1789800638,slide10-go,lazytown-final-go,cold,30,True,48.86,4.87,53.73,54.0,1769.0,26.0,1029.347,200
1789800640,slide10-go,lazytown-final-go,warm,1,False,,3.58,,4.0,1769.0,26.0,887.571,200
1789800641,slide10-go,lazytown-final-go,warm,2,False,,4.24,,5.0,1769.0,28.0,949.975,200
1789800641,slide10-go,lazytown-final-go,warm,3,False,,4.64,,5.0,1769.0,28.0,869.764,200
1789800642,slide10-go,lazytown-final-go,warm,4,False,,3.42,,4.0,1769.0,28.0,874.765,200
1789800643,slide10-go,lazytown-final-go,warm,5,False,,3.45,,4.0,1769.0,29.0,924.354,200
1789800644,slide10-go,lazytown-final-go,warm,6,False,,3.38,,4.0,1769.0,29.0,852.387,200
1789800645,slide10-go,lazytown-final-go,warm,7,False,,3.55,,4.0,1769.0,29.0,864.218,200
1789800646,slide10-go,lazytown-final-go,warm,8,False,,3.77,,4.0,1769.0,29.0,889.016,200
1789800647,slide10-go,lazytown-final-go,warm,9,False,,3.39,,4.0,1769.0,29.0,915.638,200
1789800648,slide10-go,lazytown-final-go,warm,10,False,,4.53,,5.0,1769.0,29.0,949.79,200
1789800649,slide10-go,lazytown-final-go,warm,11,False,,3.43,,4.0,1769.0,29.0,862.699,200
1789800649,slide10-go,lazytown-final-go,warm,12,False,,3.36,,4.0,1769.0,29.0,893.236,200
1789800650,slide10-go,lazytown-final-go,warm,13,False,,3.81,,4.0,1769.0,29.0,845.817,200
1789800651,slide10-go,lazytown-final-go,warm,14,False,,3.48,,4.0,1769.0,29.0,847.231,200
1789800652,slide10-go,lazytown-final-go,warm,15,False,,3.31,,4.0,1769.0,29.0,824.994,200
1789800653,slide10-go,lazytown-final-go,warm,16,False,,3.53,,4.0,1769.0,29.0,828.034,200
1789800654,slide10-go,lazytown-final-go,warm,17,False,,3.32,,4.0,1769.0,29.0,834.451,200
1789800654,slide10-go,lazytown-final-go,warm,18,False,,3.94,,4.0,1769.0,29.0,832.422,200
1789800655,slide10-go,lazytown-final-go,warm,19,False,,3.55,,4.0,1769.0,29.0,857.755,200
1789800656,slide10-go,lazytown-final-go,warm,20,False,,3.38,,4.0,1769.0,29.0,838.741,200
1789800657,slide10-go,lazytown-final-go,warm,21,False,,3.33,,4.0,1769.0,29.0,837.531,200
1789800658,slide10-go,lazytown-final-go,warm,22,False,,3.52,,4.0,1769.0,29.0,851.509,200
1789800659,slide10-go,lazytown-final-go,warm,23,False,,3.95,,4.0,1769.0,29.0,1067.485,200
1789800660,slide10-go,lazytown-final-go,warm,24,False,,3.32,,4.0,1769.0,29.0,859.028,200
1789800661,slide10-go,lazytown-final-go,warm,25,False,,3.29,,4.0,1769.0,29.0,878.768,200
1789800662,slide10-go,lazytown-final-go,warm,26,False,,3.24,,4.0,1769.0,29.0,877.312,200
1789800662,slide10-go,lazytown-final-go,warm,27,False,,3.38,,4.0,1769.0,29.0,839.969,200
1789800663,slide10-go,lazytown-final-go,warm,28,False,,3.64,,4.0,1769.0,29.0,841.213,200
1789800664,slide10-go,lazytown-final-go,warm,29,False,,3.31,,4.0,1769.0,29.0,821.736,200
1789800665,slide10-go,lazytown-final-go,warm,30,False,,11.09,,12.0,1769.0,29.0,837.59,200
